-- phpMyAdmin SQL Dump
-- version 4.8.3
-- https://www.phpmyadmin.net/
--
-- Host: 127.0.0.1
-- Generation Time: Apr 03, 2019 at 04:23 AM
-- Server version: 10.1.36-MariaDB
-- PHP Version: 7.0.32

SET SQL_MODE = "NO_AUTO_VALUE_ON_ZERO";
SET AUTOCOMMIT = 0;
START TRANSACTION;
SET time_zone = "+00:00";


/*!40101 SET @OLD_CHARACTER_SET_CLIENT=@@CHARACTER_SET_CLIENT */;
/*!40101 SET @OLD_CHARACTER_SET_RESULTS=@@CHARACTER_SET_RESULTS */;
/*!40101 SET @OLD_COLLATION_CONNECTION=@@COLLATION_CONNECTION */;
/*!40101 SET NAMES utf8mb4 */;

--
-- Database: `eapi`
--

-- --------------------------------------------------------

--
-- Table structure for table `migrations`
--

CREATE TABLE `migrations` (
  `id` int(10) UNSIGNED NOT NULL,
  `migration` varchar(255) COLLATE utf8mb4_unicode_ci NOT NULL,
  `batch` int(11) NOT NULL
) ENGINE=InnoDB DEFAULT CHARSET=utf8mb4 COLLATE=utf8mb4_unicode_ci;

--
-- Dumping data for table `migrations`
--

INSERT INTO `migrations` (`id`, `migration`, `batch`) VALUES
(1, '2014_10_12_000000_create_users_table', 1),
(2, '2014_10_12_100000_create_password_resets_table', 1),
(3, '2019_04_03_012152_create_products_table', 1);

-- --------------------------------------------------------

--
-- Table structure for table `password_resets`
--

CREATE TABLE `password_resets` (
  `email` varchar(255) COLLATE utf8mb4_unicode_ci NOT NULL,
  `token` varchar(255) COLLATE utf8mb4_unicode_ci NOT NULL,
  `created_at` timestamp NULL DEFAULT NULL
) ENGINE=InnoDB DEFAULT CHARSET=utf8mb4 COLLATE=utf8mb4_unicode_ci;

-- --------------------------------------------------------

--
-- Table structure for table `products`
--

CREATE TABLE `products` (
  `id` int(10) UNSIGNED NOT NULL,
  `name` varchar(255) COLLATE utf8mb4_unicode_ci NOT NULL,
  `detail` text COLLATE utf8mb4_unicode_ci NOT NULL,
  `price` int(11) NOT NULL,
  `stock` int(11) NOT NULL,
  `discount` int(11) NOT NULL,
  `created_at` timestamp NULL DEFAULT NULL,
  `updated_at` timestamp NULL DEFAULT NULL
) ENGINE=InnoDB DEFAULT CHARSET=utf8mb4 COLLATE=utf8mb4_unicode_ci;

--
-- Dumping data for table `products`
--

INSERT INTO `products` (`id`, `name`, `detail`, `price`, `stock`, `discount`, `created_at`, `updated_at`) VALUES
(1, 'officiis', 'Deserunt eos quam delectus voluptas soluta molestiae laborum. Nisi cum est incidunt architecto modi ut. Accusamus architecto dignissimos ut aspernatur velit ut facilis.', 548, 2, 18, '2019-04-03 09:15:44', '2019-04-03 09:15:44'),
(2, 'eos', 'Eligendi et molestiae inventore voluptatem optio perferendis sit. Doloribus at facilis dolor vel ab expedita. Nobis fugiat consequatur est sed atque pariatur sed totam.', 847, 3, 23, '2019-04-03 09:15:44', '2019-04-03 09:15:44'),
(3, 'quae', 'Aspernatur recusandae nemo voluptate qui asperiores. Voluptate ut eum est fuga aut enim ducimus. Blanditiis numquam sint quibusdam.', 289, 3, 21, '2019-04-03 09:15:44', '2019-04-03 09:15:44'),
(4, 'sit', 'Sed doloremque cum adipisci. Omnis ab beatae rerum et. Aut perspiciatis ut et unde dolores. Et quisquam aliquam quo dolores autem.', 109, 4, 12, '2019-04-03 09:15:44', '2019-04-03 09:15:44'),
(5, 'ea', 'Explicabo tempora magnam qui dolorum perspiciatis ex nostrum dolorem. Aut nobis porro ex consectetur dolorum provident.', 705, 9, 7, '2019-04-03 09:15:44', '2019-04-03 09:15:44'),
(6, 'iure', 'Consequuntur non assumenda deserunt quis sunt doloribus perferendis non. Expedita soluta quas est cum odit. Consectetur labore labore consectetur earum exercitationem consectetur. Placeat dolorem sed in eos.', 295, 2, 4, '2019-04-03 09:15:45', '2019-04-03 09:15:45'),
(7, 'quia', 'Unde libero enim porro aut. Quam sit aliquid architecto mollitia quod veniam. Rem dolorem sed blanditiis nesciunt ea. Harum magnam excepturi aspernatur reprehenderit.', 410, 0, 6, '2019-04-03 09:15:45', '2019-04-03 09:15:45'),
(8, 'ut', 'Autem veritatis facere optio recusandae neque. Cumque expedita assumenda magnam aliquid placeat animi tempore ullam. Est et repellat adipisci nesciunt molestiae ea rem.', 777, 9, 6, '2019-04-03 09:15:45', '2019-04-03 09:15:45'),
(9, 'facilis', 'Vero cumque deleniti eius praesentium. Ipsam et enim qui ut quia ratione commodi. Rem deserunt commodi et occaecati nesciunt.', 186, 4, 4, '2019-04-03 09:15:45', '2019-04-03 09:15:45'),
(10, 'quos', 'Dolorem a totam quae ipsum excepturi quam iusto id. A omnis harum et aperiam in nobis cumque dicta. Et voluptatibus totam cumque est in.', 204, 8, 24, '2019-04-03 09:15:45', '2019-04-03 09:15:45'),
(11, 'recusandae', 'Nisi eaque impedit sunt ut dolorem. Aspernatur at deleniti fugit labore repudiandae. Similique animi est esse tempora occaecati omnis hic. Non ut voluptatem ea porro neque. Et laboriosam eum quod eum.', 773, 7, 9, '2019-04-03 09:15:45', '2019-04-03 09:15:45'),
(12, 'et', 'Voluptas aspernatur qui vero doloremque incidunt dolorum neque. Voluptatem aliquid amet distinctio aliquam. Ut quia tempore nesciunt incidunt non officia.', 685, 6, 14, '2019-04-03 09:15:45', '2019-04-03 09:15:45'),
(13, 'laudantium', 'Et atque dolorem ex nobis odio. Odio similique vero autem magnam. Quia vel voluptatem a labore praesentium rerum.', 969, 0, 30, '2019-04-03 09:15:45', '2019-04-03 09:15:45'),
(14, 'omnis', 'Consequatur impedit pariatur repellat quo aut sed ut. Eos laborum facilis harum nemo earum. Aperiam beatae atque rem esse est dolore nostrum. Laudantium voluptas ipsum eum distinctio id similique et. Dolorem iusto harum deserunt dolorem ea fuga.', 228, 8, 22, '2019-04-03 09:15:45', '2019-04-03 09:15:45'),
(15, 'dolorum', 'Non odit aliquam minima assumenda qui repellat aspernatur. Laboriosam dolores beatae maiores. Voluptatibus et ut natus qui enim atque.', 935, 7, 27, '2019-04-03 09:15:45', '2019-04-03 09:15:45'),
(16, 'et', 'Nesciunt adipisci ut quia autem consectetur impedit cum. Ut et nulla aliquid amet rerum voluptatem.', 559, 5, 4, '2019-04-03 09:15:45', '2019-04-03 09:15:45'),
(17, 'quod', 'Ut id esse vel ut corrupti. Nihil tempore aut id distinctio aut. In amet enim non velit ipsa magni.', 416, 4, 25, '2019-04-03 09:15:45', '2019-04-03 09:15:45'),
(18, 'dolor', 'Impedit delectus qui voluptas earum. Eius voluptas in ut soluta expedita vero maxime. Cupiditate sapiente corporis quas voluptatibus quibusdam aliquam ad hic.', 513, 2, 17, '2019-04-03 09:15:45', '2019-04-03 09:15:45'),
(19, 'molestiae', 'Nulla qui iusto enim consequatur dolore corporis aut voluptates. Ut aut perferendis magni iste quas hic qui. Id facilis blanditiis dolores placeat qui.', 941, 3, 19, '2019-04-03 09:15:45', '2019-04-03 09:15:45'),
(20, 'nihil', 'Ad nemo harum et quae voluptas. Velit ea facilis voluptas accusantium recusandae. Itaque voluptatem iure reiciendis rerum sit. Velit omnis aliquam amet mollitia.', 153, 4, 2, '2019-04-03 09:15:45', '2019-04-03 09:15:45'),
(21, 'voluptatem', 'Reprehenderit vitae incidunt accusamus consequatur beatae sit nostrum exercitationem. Consequuntur veniam architecto quo rerum. Quam culpa velit eveniet nulla numquam ut quisquam.', 155, 1, 24, '2019-04-03 09:15:45', '2019-04-03 09:15:45'),
(22, 'maxime', 'Ipsam velit animi qui dignissimos. Officiis sint molestias ut dolorum. Enim ut explicabo vel eos aut aliquam architecto iste. Aut soluta magni qui sapiente aspernatur repellendus. Nisi esse sit atque eius.', 678, 4, 9, '2019-04-03 09:15:45', '2019-04-03 09:15:45'),
(23, 'ex', 'Ut facilis sit explicabo quae ut assumenda. Quidem vel minus perferendis sed aut totam.', 495, 8, 6, '2019-04-03 09:15:45', '2019-04-03 09:15:45'),
(24, 'aut', 'Id voluptates sint at ipsum. Hic alias dolores necessitatibus impedit. Suscipit magnam consequatur eveniet sit.', 790, 0, 21, '2019-04-03 09:15:45', '2019-04-03 09:15:45'),
(25, 'aut', 'Necessitatibus dolorum sit voluptatem et nihil veniam eos. Vitae ratione quia quis aliquid consequatur at. Quas odio voluptatem aut corrupti suscipit.', 816, 2, 7, '2019-04-03 09:15:45', '2019-04-03 09:15:45'),
(26, 'facilis', 'Aut rerum minus et sit. Adipisci et est debitis vitae autem. Maiores iusto in voluptatem repellat nobis qui et.', 361, 1, 4, '2019-04-03 09:15:45', '2019-04-03 09:15:45'),
(27, 'quia', 'Distinctio accusantium quia ratione. Corrupti soluta voluptatibus recusandae delectus quibusdam. Qui voluptas consequatur nihil doloremque. Possimus laudantium vel eveniet distinctio perspiciatis.', 719, 7, 16, '2019-04-03 09:15:46', '2019-04-03 09:15:46'),
(28, 'recusandae', 'Vitae molestiae voluptas laudantium neque. Facilis inventore illo numquam quibusdam minima sint. Asperiores exercitationem dolorem repellat. Quasi dolor doloribus modi ipsam.', 491, 9, 16, '2019-04-03 09:15:46', '2019-04-03 09:15:46'),
(29, 'et', 'Eveniet atque id in et sequi saepe ut. Rerum culpa delectus quo quia. Id quasi voluptatem consequuntur. Earum nulla quam harum.', 811, 0, 8, '2019-04-03 09:15:46', '2019-04-03 09:15:46'),
(30, 'vel', 'Alias et neque saepe quisquam dolorum. Perspiciatis sunt sit culpa facilis. Occaecati nesciunt quo earum rem earum qui. Molestiae dolor amet saepe sed harum iure sit dolor.', 390, 7, 29, '2019-04-03 09:15:46', '2019-04-03 09:15:46'),
(31, 'dolorem', 'Quo possimus dolorem sed ipsa dolore et et repellat. Dignissimos eum maiores impedit qui. Incidunt maiores sequi corporis est adipisci sed aut dolor. Nobis quisquam enim saepe ipsam. In rem eveniet est ut dolorum nostrum.', 772, 4, 25, '2019-04-03 09:15:46', '2019-04-03 09:15:46'),
(32, 'molestiae', 'Eaque et ut suscipit sint laudantium. Ut quas et numquam est eos animi. Voluptatibus illo enim dolores et.', 130, 5, 10, '2019-04-03 09:15:46', '2019-04-03 09:15:46'),
(33, 'aliquam', 'Doloribus quo harum magni corporis officia officiis. Non iste modi id ipsa qui saepe. Illo fuga quos ad praesentium vel adipisci. Perspiciatis accusantium sed qui et sunt saepe qui. Quae vel reprehenderit reiciendis veritatis.', 615, 8, 23, '2019-04-03 09:15:46', '2019-04-03 09:15:46'),
(34, 'optio', 'Corrupti sit ratione aut veniam soluta consectetur similique. Fugit repellat qui ut.', 987, 9, 8, '2019-04-03 09:15:46', '2019-04-03 09:15:46'),
(35, 'dolore', 'Tenetur autem repellat officia ea cupiditate consectetur eos. Rerum officiis unde repudiandae ut. Officiis est nulla qui doloribus.', 348, 6, 26, '2019-04-03 09:15:46', '2019-04-03 09:15:46'),
(36, 'earum', 'Id temporibus temporibus dignissimos ipsum. Nulla ut sunt tempora dolorem. Inventore tempore dicta natus deleniti quae aliquam. Odit esse est dolor qui.', 519, 0, 17, '2019-04-03 09:15:46', '2019-04-03 09:15:46'),
(37, 'ut', 'In maiores sint in. Harum ratione dolores excepturi ipsam autem quisquam. Ut dolorum iste incidunt excepturi adipisci eligendi. Dolores iste nesciunt eos voluptatum consequatur nam sunt.', 805, 3, 15, '2019-04-03 09:15:46', '2019-04-03 09:15:46'),
(38, 'nemo', 'Quae in doloribus et aut magnam quia ab. Corporis eaque in enim recusandae reprehenderit est. Unde voluptas ducimus non doloremque.', 203, 5, 13, '2019-04-03 09:15:46', '2019-04-03 09:15:46'),
(39, 'veritatis', 'Recusandae voluptate iste dolorum ipsum illum quia. Et eligendi sunt nostrum ducimus praesentium quasi. Vitae et recusandae omnis ipsa ducimus ea accusamus.', 668, 4, 3, '2019-04-03 09:15:46', '2019-04-03 09:15:46'),
(40, 'minus', 'Rem nobis at iusto animi totam autem. Inventore eligendi facere iure cum cum ea nostrum. Soluta eum voluptatem aspernatur a aperiam. Et ut facilis praesentium magni consequatur.', 373, 5, 18, '2019-04-03 09:15:46', '2019-04-03 09:15:46'),
(41, 'tempora', 'Ducimus autem sunt aspernatur quos consequatur. Velit necessitatibus laborum nihil. Similique aperiam dolorum iste et dolorem veritatis. Corporis eos deserunt pariatur aliquam laboriosam voluptatibus reprehenderit.', 821, 5, 25, '2019-04-03 09:15:46', '2019-04-03 09:15:46'),
(42, 'et', 'Quas et non qui nesciunt. Reprehenderit voluptatem vitae dolorem qui. Et illo occaecati ipsum qui beatae iste sequi. Sapiente consequatur tenetur praesentium rerum commodi et earum.', 331, 3, 2, '2019-04-03 09:15:46', '2019-04-03 09:15:46'),
(43, 'provident', 'Omnis consectetur ut laborum nam quo. Aut ab consectetur sed voluptatum voluptas molestiae. Debitis ut asperiores delectus consequatur voluptatem.', 887, 8, 10, '2019-04-03 09:15:46', '2019-04-03 09:15:46'),
(44, 'aut', 'Commodi eos architecto aut dicta non. Expedita iure et sed debitis officiis ipsam dolores. Voluptatem aut optio rerum et quia. Qui id ipsum eum. Vero vel accusantium facere eos corrupti voluptas cupiditate.', 383, 9, 30, '2019-04-03 09:15:46', '2019-04-03 09:15:46'),
(45, 'qui', 'Cum voluptas saepe maxime sequi et modi quis natus. Aliquid nesciunt sit quo minima. Eos ea odio et. Cum consequatur delectus aspernatur sit.', 461, 6, 7, '2019-04-03 09:15:46', '2019-04-03 09:15:46'),
(46, 'dolores', 'Et voluptas et nesciunt iusto laborum et. Sit omnis quisquam inventore ea sed accusamus non a. Qui quas eius sunt tempora illo illo excepturi. Dolore eum aliquam ducimus.', 456, 8, 3, '2019-04-03 09:15:46', '2019-04-03 09:15:46'),
(47, 'voluptatem', 'Velit aut quas commodi eligendi. Doloremque soluta soluta dolor inventore fugiat voluptatem temporibus quidem. Dolor vitae odio illum omnis debitis magnam incidunt.', 889, 0, 30, '2019-04-03 09:15:46', '2019-04-03 09:15:46'),
(48, 'et', 'Nesciunt doloribus ab labore quisquam similique. Rem voluptatem nulla voluptatem id deleniti laborum accusamus. Molestias soluta nobis ut.', 925, 2, 10, '2019-04-03 09:15:46', '2019-04-03 09:15:46'),
(49, 'ratione', 'Ratione harum qui doloribus ullam ut dolorum reprehenderit eligendi. Quaerat laudantium veritatis et saepe fuga est. Id sit et ut incidunt aut. Eum ad animi iste dolor et id.', 500, 8, 23, '2019-04-03 09:15:46', '2019-04-03 09:15:46'),
(50, 'dignissimos', 'Totam nisi tempore aut similique et quis consequatur. Et non est veniam ut laborum quo est optio.', 132, 3, 13, '2019-04-03 09:15:46', '2019-04-03 09:15:46'),
(51, 'dicta', 'Quos id et sint tempore quas soluta. Reiciendis eveniet non quas sunt. Esse quidem consequatur architecto quia. Repellendus beatae necessitatibus aut quod magni qui consequuntur eos.', 685, 4, 20, '2019-04-03 09:16:33', '2019-04-03 09:16:33'),
(52, 'reprehenderit', 'Esse delectus libero sed rerum sit et doloremque. Debitis quasi eos cupiditate facilis magnam numquam delectus earum.', 668, 9, 11, '2019-04-03 09:16:33', '2019-04-03 09:16:33'),
(53, 'modi', 'Tempore laboriosam aut optio dolorem id dolorem saepe. Aut harum et id sunt sed aut expedita vel. Voluptas incidunt praesentium in asperiores facilis molestias.', 571, 1, 13, '2019-04-03 09:16:33', '2019-04-03 09:16:33'),
(54, 'cupiditate', 'Quo et nostrum corporis molestias magni. Impedit reiciendis optio dolorum dolore magnam. Pariatur magni voluptatem ut officiis.', 670, 7, 12, '2019-04-03 09:16:33', '2019-04-03 09:16:33'),
(55, 'consequuntur', 'Eligendi ut temporibus amet eum ullam voluptatem. Quia illum at sed dolores et sint adipisci. Maxime delectus fuga eaque et dolores quibusdam provident distinctio. Quaerat tenetur nemo est facilis sint pariatur aut.', 206, 7, 23, '2019-04-03 09:16:33', '2019-04-03 09:16:33'),
(56, 'velit', 'Velit enim voluptatibus reprehenderit et quis dolorem sunt qui. Possimus quam recusandae tempore harum explicabo aut ullam. Voluptatum qui asperiores aut nihil mollitia laborum sed sint. Error libero facere necessitatibus sunt mollitia doloremque beatae.', 128, 1, 3, '2019-04-03 09:16:33', '2019-04-03 09:16:33'),
(57, 'molestiae', 'Quam natus numquam nam nemo quos quis ut. Qui eligendi facere qui hic voluptates iure modi. Commodi sequi reprehenderit sapiente porro et dolores enim. Officiis amet rerum quis dignissimos asperiores voluptatum.', 600, 5, 19, '2019-04-03 09:16:33', '2019-04-03 09:16:33'),
(58, 'consectetur', 'Illo fugiat officiis hic impedit ad ullam. Aut ipsam necessitatibus minus dolorem natus eos omnis. Perferendis qui voluptatem est quas doloribus est commodi. Nihil earum deleniti et et sint magni impedit. Autem at est eveniet quibusdam veritatis molestiae at.', 966, 4, 18, '2019-04-03 09:16:33', '2019-04-03 09:16:33'),
(59, 'nobis', 'Doloribus impedit et omnis distinctio. Itaque omnis voluptas autem tempore vel ullam.', 847, 3, 26, '2019-04-03 09:16:33', '2019-04-03 09:16:33'),
(60, 'harum', 'Eos sint ut quod sunt. Velit dolores ipsum rerum unde est voluptas distinctio odio. Quos nesciunt aut eum dolores sunt veritatis.', 376, 2, 25, '2019-04-03 09:16:33', '2019-04-03 09:16:33'),
(61, 'fugiat', 'Deleniti ut quis modi sint. Fugiat sequi debitis ipsa quas nihil. Doloremque culpa et accusamus eaque quia temporibus. Rem laborum sit sed iusto voluptatem iusto magni. Tempore iste quasi rerum debitis est.', 438, 2, 4, '2019-04-03 09:16:33', '2019-04-03 09:16:33'),
(62, 'voluptatem', 'Perferendis sed qui qui amet. Error voluptatum molestiae labore aut dignissimos maxime repellat. Fugit nesciunt est dignissimos sed ad fugit nemo. Corrupti voluptate omnis eius sit sequi ut quia officia.', 844, 8, 10, '2019-04-03 09:16:33', '2019-04-03 09:16:33'),
(63, 'exercitationem', 'Pariatur harum quis a id. Ullam aliquid corrupti nostrum quaerat. Doloremque ut culpa fugiat libero rem quis quis. Dolores aut id necessitatibus est autem et.', 846, 0, 7, '2019-04-03 09:16:33', '2019-04-03 09:16:33'),
(64, 'accusamus', 'Suscipit illum sit eum vero quod. Consequatur et velit magnam id pariatur recusandae velit. Vel quia qui vitae et nihil eaque. Dolores expedita ipsam repellat dolorem.', 768, 5, 27, '2019-04-03 09:16:33', '2019-04-03 09:16:33'),
(65, 'et', 'Neque ut error totam tempore assumenda. Aut dolor soluta necessitatibus adipisci veniam qui voluptatem. Dolorum reprehenderit quod eveniet. Dolores similique est est.', 542, 2, 8, '2019-04-03 09:16:33', '2019-04-03 09:16:33'),
(66, 'quod', 'Inventore quibusdam accusantium quia natus molestiae deleniti. Libero atque asperiores fuga qui. Repudiandae necessitatibus necessitatibus ea facilis ut temporibus. Atque aut libero error ratione et.', 897, 9, 24, '2019-04-03 09:16:33', '2019-04-03 09:16:33'),
(67, 'qui', 'Ipsam vitae tempore libero nobis ut ut. Sed quidem rerum rem commodi. Adipisci eos aut error commodi sit. Sequi delectus vero sit quia perferendis eum dignissimos impedit.', 542, 5, 16, '2019-04-03 09:16:33', '2019-04-03 09:16:33'),
(68, 'aliquid', 'Odit molestias sint rem culpa voluptates. Omnis ut maxime et eaque aut. Dolore at dicta quod consequatur consequatur debitis. Non suscipit dolorem minima molestiae enim velit. Libero laboriosam hic quaerat quae accusantium.', 584, 8, 30, '2019-04-03 09:16:33', '2019-04-03 09:16:33'),
(69, 'praesentium', 'Aut deserunt et debitis ut eos. Placeat sit animi alias omnis sapiente rerum. Et voluptatem quod libero molestias. Eum ipsa et et unde.', 236, 9, 14, '2019-04-03 09:16:33', '2019-04-03 09:16:33'),
(70, 'repudiandae', 'Ratione aperiam voluptatibus id beatae distinctio non. Delectus inventore quidem perspiciatis dolorem. Sit iusto enim officiis ducimus voluptates corrupti.', 118, 6, 21, '2019-04-03 09:16:33', '2019-04-03 09:16:33'),
(71, 'qui', 'Ut commodi perspiciatis et debitis porro magni qui. Magnam cupiditate laudantium esse. Earum ea magnam unde dignissimos molestiae. Culpa occaecati sapiente ex fugit qui quos. Facere est deleniti maiores labore.', 335, 5, 30, '2019-04-03 09:16:33', '2019-04-03 09:16:33'),
(72, 'adipisci', 'Libero non esse reprehenderit possimus sed magni. Excepturi laborum cum vero. Voluptas natus quaerat aperiam sit.', 572, 7, 20, '2019-04-03 09:16:33', '2019-04-03 09:16:33'),
(73, 'nihil', 'Ducimus officiis cum ab deleniti. Harum pariatur molestias minus quibusdam laborum deleniti et. Magni maxime cum aut deserunt et architecto. Exercitationem dolorum quae maiores non rerum et ducimus animi.', 196, 1, 7, '2019-04-03 09:16:34', '2019-04-03 09:16:34'),
(74, 'excepturi', 'Molestiae quia at et dolorem doloribus provident. Esse repellat rem culpa laudantium ut. Facere voluptates temporibus aliquam ut.', 216, 8, 15, '2019-04-03 09:16:34', '2019-04-03 09:16:34'),
(75, 'cum', 'Omnis incidunt dolor numquam enim maiores. Amet rem sed quaerat laboriosam. Quia eaque dolores magnam quibusdam.', 465, 9, 28, '2019-04-03 09:16:34', '2019-04-03 09:16:34'),
(76, 'occaecati', 'Praesentium qui ex sed accusantium earum suscipit. Iste est sed quaerat doloremque aut aut.', 317, 2, 28, '2019-04-03 09:16:34', '2019-04-03 09:16:34'),
(77, 'tempore', 'Ut cum fugit placeat sed. Qui officiis id magni qui non earum odit. Magnam dolores aut sapiente distinctio vitae.', 997, 6, 3, '2019-04-03 09:16:34', '2019-04-03 09:16:34'),
(78, 'sapiente', 'Laborum similique dolorem nesciunt occaecati vel itaque. Ducimus sit a voluptatibus minus. Fugiat voluptas aut qui omnis tenetur totam.', 604, 6, 9, '2019-04-03 09:16:34', '2019-04-03 09:16:34'),
(79, 'numquam', 'Qui consectetur id aut. Ipsum deserunt adipisci tempora optio. Ex nisi molestiae dicta numquam maxime consectetur labore. Ut eum dolorem corporis nam ducimus provident animi. Numquam et cumque aperiam voluptates ab.', 462, 7, 26, '2019-04-03 09:16:34', '2019-04-03 09:16:34'),
(80, 'minus', 'Fuga laboriosam odit veniam adipisci ducimus voluptatem molestiae. Pariatur facilis facere eum qui labore veritatis. Architecto voluptatem pariatur et ex laudantium. Optio velit earum veniam est quisquam.', 485, 5, 5, '2019-04-03 09:16:34', '2019-04-03 09:16:34'),
(81, 'culpa', 'Consequatur rem voluptatem quod mollitia et sunt dolor rerum. Aut nihil nostrum dolores. Necessitatibus dolor et autem.', 725, 6, 15, '2019-04-03 09:16:34', '2019-04-03 09:16:34'),
(82, 'repellat', 'Quia incidunt vitae aut odio eos. Expedita iusto ea et vero ut doloribus dolorem.', 108, 0, 2, '2019-04-03 09:16:34', '2019-04-03 09:16:34'),
(83, 'a', 'Facere a ullam ut sed sed. Et illo distinctio et adipisci quia unde.', 760, 1, 2, '2019-04-03 09:16:34', '2019-04-03 09:16:34'),
(84, 'vel', 'Vel est nam inventore libero. Est qui amet ducimus.', 989, 0, 3, '2019-04-03 09:16:34', '2019-04-03 09:16:34'),
(85, 'qui', 'Qui molestiae voluptas voluptatem. Reiciendis assumenda sit quis deleniti. Aliquam cumque vitae assumenda quae sed quam. Aspernatur aut quidem ab dolorum dolorem sapiente at.', 572, 3, 10, '2019-04-03 09:16:34', '2019-04-03 09:16:34'),
(86, 'iste', 'Deserunt sint quod rerum. Nisi aut distinctio aut qui repellendus. Deleniti voluptas voluptatibus voluptatem ducimus. Odio voluptas et voluptatibus quasi modi perspiciatis ducimus. Qui et eveniet labore aliquam nam dolorem et.', 694, 9, 14, '2019-04-03 09:16:34', '2019-04-03 09:16:34'),
(87, 'rerum', 'Et harum occaecati molestias sapiente vero cum. Enim repellendus minima et perspiciatis qui.', 433, 6, 26, '2019-04-03 09:16:34', '2019-04-03 09:16:34'),
(88, 'eius', 'Dicta et ut id. Nisi ipsa non voluptatem. Dicta omnis et quod sunt similique consectetur assumenda. Animi aliquam perspiciatis facilis nemo.', 231, 7, 9, '2019-04-03 09:16:34', '2019-04-03 09:16:34'),
(89, 'consequatur', 'Ad nihil aut suscipit. Voluptatem nisi provident delectus delectus sint. Distinctio quibusdam commodi repellat harum sed minus. Sequi suscipit sit voluptas tempore facere et.', 563, 3, 14, '2019-04-03 09:16:34', '2019-04-03 09:16:34'),
(90, 'aliquam', 'Tenetur at optio est molestiae voluptatum. Et qui excepturi molestiae molestiae. Aut eum expedita placeat soluta ut quam perferendis.', 833, 1, 29, '2019-04-03 09:16:34', '2019-04-03 09:16:34'),
(91, 'magnam', 'Aut excepturi minus eaque minus placeat exercitationem. Sit quia error quo blanditiis aut. Nostrum pariatur repellat doloribus beatae velit. Vitae saepe ipsa aut ut sint. Minima reprehenderit quae numquam sequi laborum at.', 269, 6, 26, '2019-04-03 09:16:34', '2019-04-03 09:16:34'),
(92, 'reprehenderit', 'Dolor iste esse ex quis sequi omnis voluptatum est. Quibusdam repellendus eum soluta voluptatem. Autem voluptas non consequatur voluptatem asperiores necessitatibus.', 695, 1, 17, '2019-04-03 09:16:35', '2019-04-03 09:16:35'),
(93, 'non', 'Ipsa similique occaecati nemo excepturi ut non placeat earum. Natus non dolores dolorem et. Quia dolore dolorum aut et. Aut maiores corporis aut dolorem mollitia earum. Aut quia eum rerum praesentium rem.', 675, 4, 8, '2019-04-03 09:16:35', '2019-04-03 09:16:35'),
(94, 'fugiat', 'Assumenda qui amet veritatis aut doloremque. Enim minus voluptate omnis explicabo. Illum minus beatae ducimus eius laudantium aspernatur qui. Possimus deleniti reprehenderit cupiditate nulla temporibus.', 939, 7, 19, '2019-04-03 09:16:35', '2019-04-03 09:16:35'),
(95, 'deleniti', 'Est cupiditate magnam molestiae doloribus rerum illo consequatur minima. Doloremque expedita quia pariatur porro mollitia et. Itaque non distinctio et et velit. Corporis doloribus doloribus sed quos consequatur aut.', 432, 7, 6, '2019-04-03 09:16:35', '2019-04-03 09:16:35'),
(96, 'ut', 'Qui pariatur omnis libero delectus. Nesciunt est enim modi aut cupiditate ut. Est eius accusantium beatae ullam iusto aperiam sit.', 486, 2, 8, '2019-04-03 09:16:35', '2019-04-03 09:16:35'),
(97, 'exercitationem', 'Et maxime repellat quis quis dignissimos ut ex. Ad minus quam placeat qui in nobis.', 212, 1, 12, '2019-04-03 09:16:35', '2019-04-03 09:16:35'),
(98, 'aut', 'Doloribus perferendis libero voluptatem sunt suscipit quae sit omnis. Libero qui eaque quas omnis. Rem maxime aut quas veritatis esse enim. Sed voluptates commodi temporibus quia facere.', 689, 7, 18, '2019-04-03 09:16:35', '2019-04-03 09:16:35'),
(99, 'aliquam', 'Veritatis adipisci earum possimus nihil officiis. Quod qui sit qui sint. Cum veniam reiciendis vero tempora. Eveniet quisquam enim facilis hic.', 537, 9, 22, '2019-04-03 09:16:35', '2019-04-03 09:16:35'),
(100, 'ducimus', 'Sapiente rerum ipsum id autem nemo quia et. Accusantium voluptatem molestiae dolores similique tempora quis. Aut illum vel vel ut aut vel. Eos deserunt ut rerum facere minima ipsam totam.', 758, 2, 26, '2019-04-03 09:16:35', '2019-04-03 09:16:35'),
(101, 'et', 'Error suscipit deserunt velit sunt. Et consectetur saepe ab veritatis ut. Ipsum voluptas aperiam perferendis iusto.', 884, 1, 18, '2019-04-03 09:18:59', '2019-04-03 09:18:59'),
(102, 'perspiciatis', 'Aut molestias molestiae repellendus et. Excepturi sunt aut minus. Itaque in eos amet quam velit. Accusantium expedita dolorum ut ut vel.', 463, 2, 3, '2019-04-03 09:18:59', '2019-04-03 09:18:59'),
(103, 'et', 'Esse maxime deleniti et ea. Ipsa quis dignissimos eos nobis neque.', 671, 2, 15, '2019-04-03 09:18:59', '2019-04-03 09:18:59'),
(104, 'veniam', 'Assumenda ducimus quisquam aut dolore dolores rerum ab rerum. Placeat cumque corrupti quia quas et repellat repellendus. Sunt quia perspiciatis laboriosam. Culpa unde delectus cupiditate illum fugiat at ipsa. Minima repellendus doloremque aliquid expedita optio incidunt.', 640, 7, 29, '2019-04-03 09:18:59', '2019-04-03 09:18:59'),
(105, 'doloremque', 'Et aut ea est. Consectetur fugit et et veritatis ut. Sint atque aliquam aut est vitae illum. Nemo consequatur ut cumque in tenetur. Qui tenetur unde iure a quidem quia dolorem.', 247, 2, 22, '2019-04-03 09:19:00', '2019-04-03 09:19:00'),
(106, 'consequatur', 'Ut nulla aut provident vitae corrupti eveniet. In deserunt cumque commodi fugit temporibus iusto facere. Veritatis saepe et neque amet dolorem earum. Aut aliquid itaque aut inventore rerum.', 987, 2, 28, '2019-04-03 09:19:00', '2019-04-03 09:19:00'),
(107, 'officiis', 'Illo rem eum repellendus nostrum illo repellendus accusamus. Magnam alias aut tempore ut. Repellat qui autem temporibus numquam numquam voluptas facere.', 550, 5, 23, '2019-04-03 09:19:00', '2019-04-03 09:19:00'),
(108, 'et', 'Qui eum in sunt. Ullam pariatur praesentium impedit ut soluta voluptate. Non deleniti veniam inventore quo fugit expedita. Quo aliquam voluptatem sint commodi illo.', 806, 9, 28, '2019-04-03 09:19:00', '2019-04-03 09:19:00'),
(109, 'magni', 'Esse id recusandae sed ab. Sequi et atque omnis quam. Occaecati delectus inventore quis et aliquid consequuntur.', 357, 3, 28, '2019-04-03 09:19:00', '2019-04-03 09:19:00'),
(110, 'ad', 'A vero quia eos iure maiores alias. Natus delectus quia vel. Sapiente velit facere quos tenetur.', 505, 4, 24, '2019-04-03 09:19:00', '2019-04-03 09:19:00'),
(111, 'maxime', 'Architecto autem ratione laborum repudiandae quaerat error sint. Atque dolor explicabo enim ullam ullam. Est tempora ut ex et blanditiis. Sunt aut aut quo laudantium nihil quis impedit. Quidem quaerat ex itaque eum reiciendis sapiente aliquid et.', 270, 7, 21, '2019-04-03 09:19:00', '2019-04-03 09:19:00'),
(112, 'id', 'Et omnis velit quia officia illo modi maiores. Ea quas et harum et et omnis beatae. Maiores voluptatibus accusamus fugiat quia ex labore corrupti.', 199, 0, 14, '2019-04-03 09:19:00', '2019-04-03 09:19:00'),
(113, 'debitis', 'Adipisci mollitia quia in odio consequatur maxime. Cumque qui quos nihil tenetur quam dolores. Fuga explicabo quam mollitia nihil numquam delectus voluptatem.', 441, 4, 27, '2019-04-03 09:19:00', '2019-04-03 09:19:00'),
(114, 'ab', 'Illo omnis maiores consequatur dicta ad dolorem. Veritatis provident eum saepe cupiditate quae provident labore. Hic illo quia modi distinctio. Quis autem molestiae animi ipsa distinctio eligendi quis.', 886, 4, 6, '2019-04-03 09:19:00', '2019-04-03 09:19:00'),
(115, 'impedit', 'Est nostrum quam mollitia dolorum itaque dignissimos. Ipsam voluptatem quia ipsa ea ipsum. Dolores qui illum ut.', 538, 7, 12, '2019-04-03 09:19:00', '2019-04-03 09:19:00'),
(116, 'earum', 'Quaerat ex veniam omnis reprehenderit vero. Ut quo aut velit expedita. Aut rerum repellat asperiores maiores cupiditate numquam. Cumque odit molestias aut ipsum quo repellendus.', 142, 9, 28, '2019-04-03 09:19:00', '2019-04-03 09:19:00'),
(117, 'suscipit', 'Dolores suscipit libero est qui corrupti dolor dolor. Cum nostrum qui voluptatem tempora ipsum dolore deleniti. Consequuntur autem et est dolores dicta quia.', 419, 8, 29, '2019-04-03 09:19:00', '2019-04-03 09:19:00'),
(118, 'consequatur', 'Omnis harum doloribus animi minus. Voluptas quasi magni cumque facilis. Error velit maxime ut consequatur.', 838, 0, 13, '2019-04-03 09:19:00', '2019-04-03 09:19:00'),
(119, 'repellat', 'Quia officia dolores voluptate numquam autem sed. Autem voluptatem officia recusandae minima blanditiis debitis et velit. Quam consequatur illum omnis quisquam qui magnam.', 458, 4, 28, '2019-04-03 09:19:00', '2019-04-03 09:19:00'),
(120, 'itaque', 'Aut aut ipsam animi. Eum tempore autem non voluptatem hic voluptatibus voluptatem. Esse non dolorem et ipsum sequi optio quae. Quia labore deleniti optio possimus impedit.', 129, 4, 24, '2019-04-03 09:19:00', '2019-04-03 09:19:00'),
(121, 'molestias', 'Inventore qui incidunt qui consequuntur et et. Ea amet voluptatem et. Occaecati voluptas quis ut et reprehenderit voluptatem.', 868, 2, 11, '2019-04-03 09:19:00', '2019-04-03 09:19:00'),
(122, 'repellat', 'Est incidunt illum iure sunt quaerat et. Aut velit voluptatibus beatae provident iure qui ad ea. Nisi eos odio ut quisquam. Doloremque accusamus architecto dolore perferendis consequatur ea.', 460, 0, 2, '2019-04-03 09:19:00', '2019-04-03 09:19:00'),
(123, 'accusantium', 'Eum repellendus laudantium sint dolore iste nulla dolorem. Impedit laborum autem voluptatum sapiente qui qui eos nisi. Illum assumenda autem et magni. Excepturi libero est quia ea eum.', 249, 0, 15, '2019-04-03 09:19:00', '2019-04-03 09:19:00'),
(124, 'voluptatem', 'Odio et quia voluptas tenetur. Suscipit ut nihil optio ex. Delectus dicta esse recusandae qui quo adipisci ut. Commodi aliquid nihil ipsam magnam officiis.', 533, 2, 21, '2019-04-03 09:19:00', '2019-04-03 09:19:00'),
(125, 'qui', 'Ratione eveniet provident modi voluptatem. Unde aut sapiente iure sed similique quia. Est consectetur expedita sit quia qui. Deleniti officiis qui qui cupiditate sit.', 689, 5, 29, '2019-04-03 09:19:00', '2019-04-03 09:19:00'),
(126, 'nisi', 'Quibusdam qui quisquam atque voluptatibus consequatur doloribus. Fugiat aliquam incidunt dicta et maxime facilis libero impedit.', 887, 2, 5, '2019-04-03 09:19:00', '2019-04-03 09:19:00'),
(127, 'reiciendis', 'Enim accusantium adipisci recusandae soluta sint voluptatem velit. Eos fugiat est harum veritatis. Sint aut amet porro eaque. Sint ut in ut laborum ipsam.', 827, 9, 14, '2019-04-03 09:19:00', '2019-04-03 09:19:00'),
(128, 'id', 'Quibusdam quia aut corporis praesentium odit voluptates. Repellat et mollitia quas rerum velit. Illum expedita quisquam dicta et ea. Ipsum est sit minus autem vel placeat delectus.', 119, 9, 27, '2019-04-03 09:19:01', '2019-04-03 09:19:01'),
(129, 'eaque', 'Dolor quam non cupiditate quod. Corporis eos ut officia quaerat distinctio consequatur. Veritatis quisquam perferendis hic quo nam. Porro ex non ut corporis odio vero. Hic voluptatibus sapiente dolor voluptas.', 720, 3, 29, '2019-04-03 09:19:01', '2019-04-03 09:19:01'),
(130, 'ut', 'Debitis eum sequi nam delectus odit quidem excepturi. Id aut quia cumque hic. Velit eligendi repellendus soluta ut est distinctio omnis temporibus. Quod sunt quos repellat nam qui itaque necessitatibus.', 836, 4, 17, '2019-04-03 09:19:01', '2019-04-03 09:19:01'),
(131, 'fuga', 'Vel fuga consequatur labore explicabo vitae. Voluptatem qui quae quae consequatur. Laudantium cum libero odio occaecati voluptatibus tempora nesciunt. Iusto repellat optio quisquam sit aut hic.', 203, 0, 10, '2019-04-03 09:19:01', '2019-04-03 09:19:01'),
(132, 'illo', 'Maxime dolor facilis quia nemo eos ullam. Nobis omnis ratione quibusdam consequatur odit error at. Amet placeat omnis corrupti quia voluptatem velit ut non.', 522, 4, 8, '2019-04-03 09:19:01', '2019-04-03 09:19:01'),
(133, 'incidunt', 'Commodi aliquam illo excepturi sint. Dignissimos voluptatum velit et autem dolorem eos. Labore tenetur iure eum cumque in adipisci dolores.', 616, 9, 18, '2019-04-03 09:19:01', '2019-04-03 09:19:01'),
(134, 'in', 'Eum quia sapiente quo aut veniam repellendus quaerat. Quisquam labore id omnis quam ut. Ea perferendis repellendus quos mollitia odio ea debitis.', 930, 7, 28, '2019-04-03 09:19:01', '2019-04-03 09:19:01'),
(135, 'consequatur', 'Velit adipisci sapiente excepturi eum omnis aut id atque. Reprehenderit molestiae id enim illum qui optio ad ut. Quam eius quibusdam non deleniti. Veritatis aut voluptatem voluptate illum repellat itaque totam.', 746, 6, 22, '2019-04-03 09:19:01', '2019-04-03 09:19:01'),
(136, 'ratione', 'Eligendi molestias ut saepe consequatur rerum blanditiis. Est perspiciatis quia perspiciatis quas. Illum recusandae similique consequuntur quisquam.', 263, 4, 3, '2019-04-03 09:19:01', '2019-04-03 09:19:01'),
(137, 'et', 'Quidem animi harum quis qui enim saepe unde. Libero voluptas voluptatum tempora vitae eaque magni tempora. Error dolorem rerum sit quos et quibusdam. Eaque molestiae adipisci rerum praesentium iusto recusandae. Magni quas inventore a ipsum maxime.', 517, 5, 14, '2019-04-03 09:19:01', '2019-04-03 09:19:01'),
(138, 'id', 'Eveniet quia amet pariatur esse occaecati harum illo. Mollitia rerum id et voluptas est sit. Eaque reprehenderit qui quo rem ab iusto. Et ratione recusandae sint optio.', 113, 4, 7, '2019-04-03 09:19:01', '2019-04-03 09:19:01'),
(139, 'in', 'Quo quo voluptatem explicabo dolor fugiat sint. Enim nostrum veniam officia sit. Officiis itaque neque id autem doloremque ullam vel.', 835, 2, 20, '2019-04-03 09:19:01', '2019-04-03 09:19:01'),
(140, 'quas', 'Reprehenderit eos ut quo magnam labore aut. Voluptas aliquid est ipsam et. Harum dignissimos quis iste omnis nemo deserunt.', 396, 3, 15, '2019-04-03 09:19:01', '2019-04-03 09:19:01'),
(141, 'esse', 'A modi quis quo vel nesciunt nostrum. Dolorem reprehenderit libero possimus tenetur itaque odio. Velit ea dolorem beatae.', 468, 6, 19, '2019-04-03 09:19:01', '2019-04-03 09:19:01'),
(142, 'commodi', 'Reiciendis perferendis tempora voluptate. Ut omnis deleniti earum in ut ut sint. Voluptas occaecati blanditiis aut sequi fugiat. Cum maiores quibusdam voluptatem ut dicta corporis velit aut.', 509, 4, 15, '2019-04-03 09:19:01', '2019-04-03 09:19:01'),
(143, 'omnis', 'Harum repellat sapiente veritatis sit fugiat. In est temporibus et cum rerum neque. Saepe sed aperiam quisquam repudiandae.', 522, 7, 18, '2019-04-03 09:19:01', '2019-04-03 09:19:01'),
(144, 'aut', 'Nisi repudiandae magnam consectetur omnis placeat nobis consequatur velit. Debitis ducimus nihil repellendus dolorem quisquam et quisquam. Dignissimos inventore aut et. Voluptas delectus iste rerum qui facere quae repudiandae ipsa. Reiciendis suscipit est accusantium tempora veniam velit.', 513, 5, 21, '2019-04-03 09:19:01', '2019-04-03 09:19:01'),
(145, 'consequatur', 'Repellendus officia pariatur accusamus distinctio aut. Illum aut molestiae eius sint. Culpa non voluptas quas. Nesciunt similique maxime voluptas nostrum veniam suscipit.', 336, 1, 5, '2019-04-03 09:19:01', '2019-04-03 09:19:01'),
(146, 'quibusdam', 'Pariatur rerum tenetur dolorum consequatur. Suscipit at modi autem adipisci et sit nesciunt. Deleniti exercitationem ipsum harum incidunt corporis.', 431, 4, 25, '2019-04-03 09:19:01', '2019-04-03 09:19:01'),
(147, 'temporibus', 'Minus excepturi nobis quo recusandae sit. Optio omnis impedit fugit quas architecto consequatur dolorem. In voluptatem quod error qui sunt. Unde fugit saepe cum tenetur expedita eveniet fugiat.', 579, 7, 16, '2019-04-03 09:19:01', '2019-04-03 09:19:01'),
(148, 'adipisci', 'Est ut iusto sunt illo sit. Ipsa repellat similique eligendi animi. Dolores qui sapiente eligendi est et.', 117, 6, 26, '2019-04-03 09:19:01', '2019-04-03 09:19:01'),
(149, 'fuga', 'Quaerat aliquam fuga dolore unde. Est quisquam quia est doloribus odit laborum. Sed ratione tenetur veritatis aut quis ea. Accusantium eveniet eos est sed.', 766, 9, 13, '2019-04-03 09:19:01', '2019-04-03 09:19:01'),
(150, 'minus', 'Ut ullam aut adipisci et ipsum eaque. Omnis voluptates ut unde quae illum aut. Illo aut ab facere repellat dolor. Magni cumque culpa praesentium qui tenetur id et.', 851, 1, 10, '2019-04-03 09:19:01', '2019-04-03 09:19:01'),
(151, 'harum', 'Sed nisi dolores ratione sunt. Modi sed odio enim aliquam. Recusandae provident qui ut quis non. Repellendus est consequatur nesciunt ut accusantium est.', 387, 6, 13, '2019-04-03 09:21:29', '2019-04-03 09:21:29'),
(152, 'qui', 'Nihil rerum ipsum dolores officiis neque sint. Deleniti placeat id odio sunt. Quia minus in a iusto dolore.', 578, 3, 7, '2019-04-03 09:21:29', '2019-04-03 09:21:29'),
(153, 'ab', 'Adipisci atque nemo optio impedit non voluptas et. Pariatur ex quos voluptatibus in minima est. Natus qui numquam consequatur cumque odit aliquam quo vel.', 574, 1, 6, '2019-04-03 09:21:29', '2019-04-03 09:21:29'),
(154, 'qui', 'Sed error numquam corrupti vero. Vero autem consequuntur non aut soluta. Qui explicabo doloremque blanditiis et.', 661, 2, 2, '2019-04-03 09:21:29', '2019-04-03 09:21:29'),
(155, 'exercitationem', 'Consequatur vel voluptatem quia. Repellendus itaque quia et sed. Est ipsa sint id impedit corporis nihil autem enim.', 562, 6, 28, '2019-04-03 09:21:29', '2019-04-03 09:21:29'),
(156, 'tempore', 'Dolorem tempora quasi qui et. Adipisci deleniti qui porro aliquam qui. Vel ex reprehenderit et aperiam exercitationem.', 403, 4, 11, '2019-04-03 09:21:29', '2019-04-03 09:21:29'),
(157, 'impedit', 'Ad assumenda quos exercitationem. Magnam eos ipsam vitae eius incidunt in natus. Et ut aut minima officiis harum. Maxime minima sint odit dolorem. Modi velit in hic.', 407, 1, 3, '2019-04-03 09:21:29', '2019-04-03 09:21:29'),
(158, 'commodi', 'Voluptatem et consequatur eligendi adipisci doloremque. In excepturi fugit beatae illum natus et atque harum. Et eligendi odit facilis consequatur ratione quisquam quo. Cumque quidem quas culpa aspernatur sed.', 931, 9, 15, '2019-04-03 09:21:29', '2019-04-03 09:21:29'),
(159, 'quis', 'Nisi adipisci ratione cumque sed et dignissimos. Illo nihil quam sed aut quis voluptatem. Quis quibusdam laboriosam ducimus. At sint ea vel cumque delectus culpa.', 993, 9, 28, '2019-04-03 09:21:29', '2019-04-03 09:21:29'),
(160, 'exercitationem', 'Et cupiditate fuga quasi ad vero quis ut sint. Vel et id quam recusandae. Quis pariatur id nulla sapiente rerum corrupti. Sed quas illo inventore.', 100, 6, 23, '2019-04-03 09:21:29', '2019-04-03 09:21:29'),
(161, 'velit', 'In mollitia voluptatibus sapiente autem assumenda. Nemo ipsum voluptatem et tempore in. Odio autem consequatur quis ratione.', 866, 7, 9, '2019-04-03 09:21:29', '2019-04-03 09:21:29'),
(162, 'blanditiis', 'Enim ut quibusdam sint quos. Nesciunt enim possimus aspernatur mollitia sit. Repudiandae ratione est quisquam consequatur exercitationem eius. Temporibus omnis mollitia qui quod sequi aspernatur reprehenderit.', 957, 6, 19, '2019-04-03 09:21:29', '2019-04-03 09:21:29'),
(163, 'expedita', 'Ea ad itaque consequuntur maxime culpa. Eligendi placeat ad culpa. Dicta est est quia dolore quo. Voluptates aliquid in consequatur fugit nesciunt dicta.', 458, 5, 29, '2019-04-03 09:21:29', '2019-04-03 09:21:29'),
(164, 'cumque', 'Doloremque a repudiandae iure sed debitis officiis. Nihil adipisci ea velit sint tempora. Ut qui itaque rerum aliquam repellendus. Aut ab adipisci velit assumenda tenetur et laborum.', 282, 9, 13, '2019-04-03 09:21:29', '2019-04-03 09:21:29'),
(165, 'iure', 'Ut et labore illo reprehenderit enim natus rerum molestias. Officia non ex id qui odio natus molestiae. Minus quibusdam minus quidem quo iure.', 999, 5, 25, '2019-04-03 09:21:29', '2019-04-03 09:21:29'),
(166, 'cupiditate', 'Molestias fuga rerum voluptatem iste ut eum ut. Ullam excepturi quo omnis provident. Autem accusantium ea quibusdam eum voluptatibus.', 470, 3, 16, '2019-04-03 09:21:29', '2019-04-03 09:21:29'),
(167, 'officia', 'Dicta rerum eveniet quia iusto doloremque rerum nisi. Velit perspiciatis rem cum est neque fuga adipisci et. Tenetur ut voluptatum consequatur aut corporis corporis qui. Magnam neque est dolor quibusdam tempora quaerat.', 126, 2, 28, '2019-04-03 09:21:29', '2019-04-03 09:21:29'),
(168, 'praesentium', 'Aut eaque officia sint facilis. Laudantium neque quaerat cum quo distinctio nulla delectus.', 917, 2, 23, '2019-04-03 09:21:30', '2019-04-03 09:21:30'),
(169, 'recusandae', 'Animi enim qui aut consequuntur. Illum optio est dolore est architecto. Vero explicabo similique aspernatur enim.', 882, 9, 6, '2019-04-03 09:21:30', '2019-04-03 09:21:30'),
(170, 'quam', 'Delectus magnam aperiam eum neque quia. Dignissimos nesciunt pariatur eum reiciendis rerum. Id exercitationem ea et tempore quas molestiae.', 888, 3, 18, '2019-04-03 09:21:30', '2019-04-03 09:21:30'),
(171, 'voluptate', 'Quis sed velit sit dignissimos ut. Quis ex temporibus aut ad illum maxime accusamus porro. Dolores vitae dolore molestiae sunt ea.', 731, 8, 17, '2019-04-03 09:21:30', '2019-04-03 09:21:30'),
(172, 'aut', 'Quibusdam voluptate distinctio a est alias tempore natus. Sint voluptas vel voluptates provident at placeat. Ab et id ut assumenda ullam eum sed.', 217, 7, 30, '2019-04-03 09:21:30', '2019-04-03 09:21:30'),
(173, 'ex', 'Qui nobis laboriosam esse magni numquam rerum nihil. Enim et praesentium non optio. Quaerat consequatur voluptas accusantium cupiditate molestiae.', 427, 0, 15, '2019-04-03 09:21:30', '2019-04-03 09:21:30'),
(174, 'facere', 'Fuga vel nihil facere ut tempora. A ducimus et id exercitationem iure dolores officiis.', 828, 2, 2, '2019-04-03 09:21:30', '2019-04-03 09:21:30'),
(175, 'minus', 'Quia recusandae hic quia natus at ab vel. Ex impedit voluptatem corrupti aut ullam aut. Veniam aliquam dolores alias saepe. Nihil doloremque nulla cum consequatur sapiente et.', 914, 2, 15, '2019-04-03 09:21:30', '2019-04-03 09:21:30'),
(176, 'veniam', 'Sit vitae quis aut eaque ipsa. Culpa voluptatibus praesentium totam sunt sunt distinctio. Porro sapiente voluptatum accusamus quisquam enim nesciunt ipsum hic.', 731, 1, 3, '2019-04-03 09:21:30', '2019-04-03 09:21:30'),
(177, 'cupiditate', 'Ullam sint sint reprehenderit enim sint. Et rem quas ipsam. Repellendus voluptatem et id qui.', 130, 4, 15, '2019-04-03 09:21:30', '2019-04-03 09:21:30'),
(178, 'ut', 'Sed qui molestiae quia eveniet eum ut minus. Repellat aut atque reprehenderit saepe dolorem labore quo. At velit aliquid sunt voluptatem quod qui. Laudantium fuga ut modi. Accusantium nisi voluptates voluptate eum nostrum.', 348, 4, 18, '2019-04-03 09:21:30', '2019-04-03 09:21:30'),
(179, 'et', 'Nulla eveniet molestiae voluptas mollitia expedita. Quaerat vel ipsa deserunt cumque. Maxime non et blanditiis. Atque et aut tempore vel nemo expedita iusto.', 868, 9, 4, '2019-04-03 09:21:30', '2019-04-03 09:21:30'),
(180, 'dolorum', 'Modi in distinctio beatae vitae voluptas molestiae eum. Eius ipsam et amet consectetur architecto. Libero ut sequi enim laudantium nam eaque. Aut voluptatem consectetur est consequatur possimus.', 765, 3, 12, '2019-04-03 09:21:30', '2019-04-03 09:21:30'),
(181, 'quam', 'Quia est consequatur autem quo corporis qui in. Est voluptatibus iusto provident odio dolorem quo aut. Unde exercitationem molestiae quam in quia.', 257, 9, 5, '2019-04-03 09:21:30', '2019-04-03 09:21:30'),
(182, 'ratione', 'Eligendi qui inventore placeat sit. Quis occaecati molestias fugiat et.', 845, 7, 16, '2019-04-03 09:21:30', '2019-04-03 09:21:30'),
(183, 'cumque', 'Dolorum id tempora sed optio qui voluptates. Molestiae velit modi at ipsum mollitia qui id porro.', 571, 7, 20, '2019-04-03 09:21:30', '2019-04-03 09:21:30'),
(184, 'sed', 'Et modi aut saepe possimus eos maiores nisi. Et ut pariatur voluptas unde. Et dolores voluptas vel incidunt perferendis eum ut. Ipsa iure corporis alias harum iste quia alias. Aut dolorem temporibus id ut voluptatem.', 113, 1, 12, '2019-04-03 09:21:30', '2019-04-03 09:21:30'),
(185, 'mollitia', 'Delectus eos voluptas voluptatem molestiae nulla. Recusandae quo excepturi ut eos molestiae harum. Suscipit vitae ducimus nihil odio quis. Qui ullam eos iusto minus.', 968, 2, 12, '2019-04-03 09:21:30', '2019-04-03 09:21:30'),
(186, 'deleniti', 'Sequi vel modi non eaque facilis. Delectus vitae est natus quaerat non. Praesentium voluptatem quia error corporis non voluptatibus. Aut quidem aut eum sint.', 315, 0, 8, '2019-04-03 09:21:30', '2019-04-03 09:21:30'),
(187, 'id', 'Non impedit corrupti illo inventore. Accusamus voluptas rerum porro quis et quisquam nesciunt. Rerum consequatur sed atque voluptas quasi. Ratione praesentium illo eos debitis.', 997, 8, 6, '2019-04-03 09:21:30', '2019-04-03 09:21:30'),
(188, 'minima', 'Accusamus nihil nesciunt neque quo sapiente dolores expedita. Omnis accusamus iusto dignissimos iure asperiores. Est occaecati magni in nisi accusantium odio. Eveniet nobis aliquam laborum distinctio quae maxime ipsam.', 416, 7, 20, '2019-04-03 09:21:30', '2019-04-03 09:21:30'),
(189, 'soluta', 'Totam iusto nihil est deserunt optio aut. Dolor autem velit expedita sapiente excepturi fugit ut magnam. Quae facilis est in eos. Et eligendi omnis ea rerum et commodi quia et.', 825, 5, 12, '2019-04-03 09:21:31', '2019-04-03 09:21:31'),
(190, 'nemo', 'Tempore cupiditate est qui porro. Quas et est eum ducimus. Incidunt doloribus eum omnis eum ducimus. Impedit cum veritatis rem ratione quae.', 757, 5, 29, '2019-04-03 09:21:31', '2019-04-03 09:21:31'),
(191, 'consequatur', 'Aliquid et ipsum ullam corporis excepturi voluptates reiciendis. Unde aspernatur explicabo dolor sit error. Architecto aut quae perferendis impedit et ducimus quos et.', 923, 0, 2, '2019-04-03 09:21:31', '2019-04-03 09:21:31'),
(192, 'illum', 'In aut soluta libero maxime magnam praesentium ipsa. Et nemo excepturi et at accusantium. Animi in illo est asperiores qui dolores. Unde quia soluta distinctio vel doloremque fuga quasi.', 137, 0, 23, '2019-04-03 09:21:31', '2019-04-03 09:21:31'),
(193, 'saepe', 'Nisi et hic rem et aut saepe impedit delectus. Voluptas hic minima nihil vero. Accusantium corrupti ullam rerum optio laudantium. Molestias excepturi veniam voluptas laboriosam doloribus. Corrupti debitis aut omnis rerum itaque blanditiis eos.', 615, 8, 24, '2019-04-03 09:21:31', '2019-04-03 09:21:31'),
(194, 'quaerat', 'Exercitationem quod impedit accusantium mollitia. Est et porro eos quos possimus voluptatem dolorem. Explicabo et dolores sapiente nesciunt qui veniam necessitatibus. Saepe vitae culpa architecto laborum sit facilis.', 165, 7, 22, '2019-04-03 09:21:31', '2019-04-03 09:21:31'),
(195, 'ratione', 'Et ducimus vel occaecati rem. Molestias dolorem rerum quasi fugiat. Fugit architecto sed tenetur harum vero quaerat minus.', 739, 4, 2, '2019-04-03 09:21:31', '2019-04-03 09:21:31'),
(196, 'consequatur', 'Aut fugiat mollitia quis iure et. Facere cum consequatur dignissimos laudantium itaque tenetur. Dolor cupiditate nihil libero blanditiis incidunt. Natus repellendus ratione nulla dolores unde.', 803, 6, 13, '2019-04-03 09:21:31', '2019-04-03 09:21:31'),
(197, 'aliquid', 'Eveniet facere non iure molestiae alias. Soluta voluptas necessitatibus fuga eaque id aliquid non. Facere dolorem inventore mollitia sunt veritatis. Maiores dolor officiis soluta porro facere.', 665, 5, 30, '2019-04-03 09:21:31', '2019-04-03 09:21:31'),
(198, 'cumque', 'Totam laborum sint est doloribus facilis. Nulla sint aut amet amet. Eos optio ea saepe optio. Assumenda dolores id et eius atque nobis qui doloremque.', 148, 0, 20, '2019-04-03 09:21:31', '2019-04-03 09:21:31'),
(199, 'voluptas', 'Enim hic explicabo doloremque voluptas quod accusantium quaerat. Molestias esse voluptates est voluptate. Et repudiandae aliquid ut. Doloremque est voluptatum praesentium eligendi ut hic et dolorem.', 334, 7, 9, '2019-04-03 09:21:31', '2019-04-03 09:21:31'),
(200, 'in', 'Qui veritatis velit sunt. Nisi neque minima dolor est quae consequatur. Aspernatur nisi non molestiae ut at qui iste. Accusantium iste quidem quae est ab exercitationem.', 288, 2, 5, '2019-04-03 09:21:31', '2019-04-03 09:21:31');

-- --------------------------------------------------------

--
-- Table structure for table `reviews`
--

CREATE TABLE `reviews` (
  `id` int(11) UNSIGNED NOT NULL,
  `product_id` int(11) UNSIGNED NOT NULL,
  `customer` varchar(255) NOT NULL,
  `review` text NOT NULL,
  `star` int(11) NOT NULL,
  `created_at` timestamp NOT NULL DEFAULT CURRENT_TIMESTAMP ON UPDATE CURRENT_TIMESTAMP,
  `updated_at` timestamp NOT NULL DEFAULT '0000-00-00 00:00:00'
) ENGINE=InnoDB DEFAULT CHARSET=latin1;

--
-- Dumping data for table `reviews`
--

INSERT INTO `reviews` (`id`, `product_id`, `customer`, `review`, `star`, `created_at`, `updated_at`) VALUES
(1, 81, 'Mr. Rowland O\'Connell', 'Sit et sapiente molestiae aliquam et veritatis. Et quia eos in ut.', 4, '2019-04-03 09:21:33', '2019-04-03 09:21:33'),
(2, 61, 'Freeda Herman', 'Enim aut quasi dolores quaerat a. Dolore a est suscipit id maiores incidunt. Optio quia dolorem eveniet ea.', 2, '2019-04-03 09:21:33', '2019-04-03 09:21:33'),
(3, 139, 'Mrs. Dolly Feil MD', 'Consequatur facilis sint unde repudiandae tempora libero nisi animi. Sint delectus voluptatem aperiam enim est non atque. Non illum dolores rerum.', 2, '2019-04-03 09:21:33', '2019-04-03 09:21:33'),
(4, 84, 'Dr. Berta Greenfelder IV', 'Nemo fugiat molestias sed labore officia. Totam quis voluptatem laboriosam. Vero neque harum molestiae pariatur enim. Qui nostrum modi dolorum ratione natus nam.', 0, '2019-04-03 09:21:33', '2019-04-03 09:21:33'),
(5, 180, 'Laney Bailey', 'Quod officiis sit laborum provident eos ut similique itaque. Totam quo aut consectetur sequi incidunt consequatur deserunt. Modi facere sint autem corrupti.', 5, '2019-04-03 09:21:33', '2019-04-03 09:21:33'),
(6, 199, 'Destiney Jerde', 'Non sint quas laborum in. Consequatur quo exercitationem voluptatem minus consequuntur.', 4, '2019-04-03 09:21:33', '2019-04-03 09:21:33'),
(7, 134, 'Mrs. Hannah Swaniawski', 'Soluta nesciunt totam consectetur rem. Possimus rerum ex natus quia quia. Corrupti officia labore et et pariatur.', 5, '2019-04-03 09:21:33', '2019-04-03 09:21:33'),
(8, 46, 'Judah O\'Hara', 'Voluptatem et ut quisquam reiciendis perferendis sed. Qui qui molestiae saepe reprehenderit.', 0, '2019-04-03 09:21:33', '2019-04-03 09:21:33'),
(9, 135, 'Hiram Waters', 'Quas aut dolor vel porro. Sit vitae eos vel delectus nam qui ad. Enim quia omnis rerum neque soluta quia error.', 2, '2019-04-03 09:21:33', '2019-04-03 09:21:33'),
(10, 108, 'Kenneth Balistreri', 'Qui nisi quibusdam perferendis laudantium soluta vitae assumenda. Rerum eos nesciunt voluptas molestiae laborum laboriosam nihil. Quis sunt quaerat velit mollitia.', 3, '2019-04-03 09:21:33', '2019-04-03 09:21:33'),
(11, 28, 'Shyann Raynor', 'Hic autem aperiam doloribus. Eligendi maiores qui consequatur aliquid odit illo voluptas rerum. Non est itaque aliquam aut voluptates voluptas quisquam. Corporis et consequatur perferendis et nihil.', 1, '2019-04-03 09:21:33', '2019-04-03 09:21:33'),
(12, 93, 'Zula Lemke Sr.', 'Eum optio ex et repellendus. Hic et tenetur assumenda veniam mollitia. Facere ipsa temporibus non ut sit doloribus. Voluptas blanditiis eligendi asperiores dolorem.', 3, '2019-04-03 09:21:33', '2019-04-03 09:21:33'),
(13, 5, 'Reymundo Cronin', 'Tenetur quos qui ab aut sed sit. Cumque modi ex fugit. Rerum quod facilis voluptates illo maiores.', 2, '2019-04-03 09:21:33', '2019-04-03 09:21:33'),
(14, 192, 'Prof. Reymundo Klocko', 'Qui unde quisquam molestiae ipsa quia atque. Porro dolores fugit nulla voluptas tenetur doloribus quam. Consequatur et accusamus occaecati voluptatibus quibusdam nemo molestiae. Enim tempora id aut at quisquam.', 3, '2019-04-03 09:21:33', '2019-04-03 09:21:33'),
(15, 12, 'Kayli Jaskolski', 'Deserunt dicta fugiat maxime. Velit pariatur et qui eius saepe quia ut. Quas accusantium quasi voluptatum facere. Ipsum et tenetur ut omnis enim omnis explicabo. Quo delectus ut ut blanditiis et laboriosam esse.', 1, '2019-04-03 09:21:33', '2019-04-03 09:21:33'),
(16, 152, 'Dr. Heath Von V', 'Ut et provident rem odio voluptate est. Cum sapiente voluptatibus laborum. Id repudiandae ea aliquam assumenda cumque nemo expedita. Quis sed rem magnam accusamus et ullam. Delectus dolores minus quas dolores.', 3, '2019-04-03 09:21:33', '2019-04-03 09:21:33'),
(17, 84, 'Dr. Savannah West II', 'Nihil veritatis quas est fuga. Quam quod sapiente ad iste cumque quia qui ratione. Ut ad rerum reiciendis nesciunt.', 4, '2019-04-03 09:21:33', '2019-04-03 09:21:33'),
(18, 192, 'Corene Bartoletti', 'Fugiat corporis similique qui eum quam sit. Ex amet odit aliquam molestias pariatur fugit sint. Id sed beatae voluptas incidunt neque. Illum velit vitae non sunt dolore.', 2, '2019-04-03 09:21:33', '2019-04-03 09:21:33'),
(19, 174, 'Maud Stark', 'Laudantium voluptatem repudiandae et amet nihil aut. Eius reiciendis ut tenetur et culpa omnis iste. Beatae earum et qui rem. Occaecati ut ut tenetur quia architecto et.', 0, '2019-04-03 09:21:33', '2019-04-03 09:21:33'),
(20, 143, 'Mrs. Madelyn Rodriguez', 'Aliquid qui doloribus maxime quod magni magni atque. Nihil voluptas nam nihil quidem dignissimos deleniti autem facere. Illum in architecto hic nemo laborum odio. Ab totam explicabo nemo non nihil est.', 4, '2019-04-03 09:21:33', '2019-04-03 09:21:33'),
(21, 48, 'Maida Lynch', 'Rerum aut sed officia est molestiae sit. Animi eum blanditiis nemo officia sint consectetur. Similique est architecto est voluptatibus beatae ducimus.', 3, '2019-04-03 09:21:34', '2019-04-03 09:21:34'),
(22, 159, 'Jeanette Rosenbaum', 'Consectetur occaecati non et ut voluptates eveniet cupiditate. Et sunt provident ullam dolore. Nulla veritatis aut autem et sunt eaque.', 3, '2019-04-03 09:21:34', '2019-04-03 09:21:34'),
(23, 10, 'Blaise Mills', 'Rem non modi sunt voluptatibus. Officiis aut aut quia pariatur exercitationem totam explicabo.', 1, '2019-04-03 09:21:34', '2019-04-03 09:21:34'),
(24, 197, 'Kiley Williamson', 'Quia voluptatem molestiae ut ipsum odit et. At quam autem animi accusamus. Consequatur dolorem et tempore perspiciatis dolor nisi repellat.', 1, '2019-04-03 09:21:34', '2019-04-03 09:21:34'),
(25, 189, 'Dr. Johanna Klein', 'Ipsum perspiciatis ut qui necessitatibus cumque sed. Perspiciatis repudiandae totam animi totam ea beatae. Consequatur possimus voluptatum quia molestiae alias ratione sed velit. Rerum necessitatibus sapiente dolor vitae et.', 0, '2019-04-03 09:21:34', '2019-04-03 09:21:34'),
(26, 35, 'Garry Larkin', 'Id voluptas ut voluptatum qui voluptatem. Vero nostrum a delectus ab consequatur. Magnam rerum rerum iure. Fugiat voluptatum rerum et aliquam numquam eaque.', 4, '2019-04-03 09:21:34', '2019-04-03 09:21:34'),
(27, 53, 'Mr. Norwood Gusikowski', 'Perspiciatis fuga voluptatem sapiente. Et voluptatum quis ut enim similique. Reiciendis architecto et incidunt ex. Ducimus asperiores facere culpa quisquam.', 3, '2019-04-03 09:21:34', '2019-04-03 09:21:34'),
(28, 4, 'Jaden Kihn', 'Cum nostrum a et magni aut. Omnis laboriosam eveniet animi quod quia quia.', 5, '2019-04-03 09:21:34', '2019-04-03 09:21:34'),
(29, 187, 'Billie Will', 'Vel facilis voluptatibus inventore libero ab consequatur odio quasi. Nam inventore eos consequatur quis est. Impedit molestiae facere eaque enim officiis.', 3, '2019-04-03 09:21:34', '2019-04-03 09:21:34'),
(30, 170, 'Marcelo Hammes', 'Pariatur corrupti pariatur inventore numquam et accusamus. Quaerat neque harum sint ut alias. Nesciunt voluptatem aut cum autem in et inventore.', 4, '2019-04-03 09:21:34', '2019-04-03 09:21:34'),
(31, 167, 'Lance Muller', 'Et quis qui et qui suscipit. Quia quisquam ratione in minima quibusdam. Enim autem iste molestiae sit et libero.', 0, '2019-04-03 09:21:34', '2019-04-03 09:21:34'),
(32, 32, 'Gustave Bayer', 'Magnam enim qui aut dicta placeat consectetur est est. Tempore omnis sed aliquid omnis ut. Qui illum nemo fuga velit omnis.', 0, '2019-04-03 09:21:34', '2019-04-03 09:21:34'),
(33, 153, 'Mafalda D\'Amore', 'Beatae et mollitia vero ut a saepe sequi. Qui tempore error deleniti omnis eos expedita sapiente id.', 0, '2019-04-03 09:21:34', '2019-04-03 09:21:34'),
(34, 86, 'Amira Cruickshank', 'Itaque dolor praesentium ut quis aut. Nihil itaque velit sunt ea. Suscipit et et iure odit.', 1, '2019-04-03 09:21:34', '2019-04-03 09:21:34'),
(35, 55, 'Talia Reinger', 'Fugit autem iste corrupti sit sed dolores dignissimos. Qui quam non sit et cupiditate. Rerum ut repudiandae illo consequatur voluptatem ut exercitationem.', 0, '2019-04-03 09:21:34', '2019-04-03 09:21:34'),
(36, 90, 'Conrad Collins', 'Qui aut ea recusandae temporibus quidem. Quis ad omnis quibusdam repellendus repellendus ullam velit. Perferendis animi est quaerat voluptatem ut.', 4, '2019-04-03 09:21:34', '2019-04-03 09:21:34'),
(37, 170, 'Emmitt Donnelly DDS', 'Qui tenetur deserunt ratione suscipit dolor ea. Mollitia molestiae quo earum voluptas fugit optio quia. Magni qui a facere explicabo impedit.', 5, '2019-04-03 09:21:34', '2019-04-03 09:21:34'),
(38, 179, 'Frances Legros Sr.', 'Recusandae ut est quia id rerum quo aut. Laborum optio consequatur eum eius sit est earum quia. Harum vitae tempore magni debitis impedit.', 1, '2019-04-03 09:21:34', '2019-04-03 09:21:34'),
(39, 113, 'Daisy Lehner', 'Voluptatem quis officia ut et non laboriosam soluta. Nostrum facilis explicabo provident. Suscipit dolor temporibus quae id rerum architecto.', 2, '2019-04-03 09:21:34', '2019-04-03 09:21:34'),
(40, 132, 'Jettie Vandervort', 'Consequuntur cupiditate iure alias tempora quae minus. Commodi aut commodi eveniet suscipit. Ipsa non consequatur ea rerum. Molestias repellendus voluptatem aliquam suscipit ratione sint.', 5, '2019-04-03 09:21:34', '2019-04-03 09:21:34'),
(41, 82, 'Jeremie Dietrich', 'Occaecati sapiente praesentium aut quis animi aut possimus. Enim placeat odit hic dolorem. Sed eaque eligendi aut quam facilis qui.', 2, '2019-04-03 09:21:34', '2019-04-03 09:21:34'),
(42, 75, 'Dr. Caitlyn McKenzie', 'Magni impedit quia occaecati libero. Nulla dolorem dolorem qui.', 0, '2019-04-03 09:21:34', '2019-04-03 09:21:34'),
(43, 73, 'Candice Greenholt', 'Ipsa aut quia facere voluptatem. Mollitia reprehenderit facilis ducimus accusamus minima qui dolores. Ab architecto sunt voluptate dolores accusantium et.', 4, '2019-04-03 09:21:34', '2019-04-03 09:21:34'),
(44, 79, 'Breanna Powlowski Jr.', 'Repellat assumenda dolorem voluptatem laudantium deleniti perferendis adipisci. Delectus velit sed provident magni non eum mollitia totam. Facilis sed reprehenderit ad aut eligendi.', 2, '2019-04-03 09:21:34', '2019-04-03 09:21:34'),
(45, 120, 'Fanny Swift Jr.', 'Ab corporis ad corporis. Aliquam omnis autem sint et facilis suscipit itaque quae. Fugit earum quam aperiam. Voluptate accusamus neque facilis et ut sit.', 5, '2019-04-03 09:21:34', '2019-04-03 09:21:34'),
(46, 77, 'Dr. Darrick Kessler Jr.', 'Sequi qui qui qui iure. Quos nihil iusto illum voluptas esse. Dolorum qui ipsam qui voluptas aperiam eius ut. Quod vel quia sunt itaque.', 5, '2019-04-03 09:21:34', '2019-04-03 09:21:34'),
(47, 144, 'Dawn Bernhard II', 'Dolor tempore nulla molestiae quam minus. Sequi eligendi quidem dolores quia molestias hic. Eligendi recusandae molestiae esse excepturi.', 4, '2019-04-03 09:21:34', '2019-04-03 09:21:34'),
(48, 182, 'Fernando West', 'Porro quasi animi aut molestias et. Sint optio vitae maiores et. Et quia eum sit et.', 2, '2019-04-03 09:21:35', '2019-04-03 09:21:35'),
(49, 66, 'Dr. Jalyn Feil', 'Nam ut dolorem mollitia quae explicabo. Adipisci rerum ea vero necessitatibus possimus autem velit. Quia facilis et sed et excepturi. Atque adipisci id ipsa officia.', 1, '2019-04-03 09:21:35', '2019-04-03 09:21:35'),
(50, 104, 'Lydia Lindgren', 'Facere illum omnis ut dolores voluptatibus. Repellat repellat ut debitis veritatis. Doloribus veritatis asperiores aliquam mollitia dolor quidem praesentium aspernatur. Nihil vel quibusdam eaque cupiditate ducimus.', 2, '2019-04-03 09:21:35', '2019-04-03 09:21:35'),
(51, 146, 'Ms. Gloria Torp V', 'Consequatur beatae cum consequatur asperiores dolores corrupti ipsa. Odit ea exercitationem rerum animi molestiae incidunt consequatur eligendi. Debitis aut sequi consectetur et aut. Repellat amet dolorum id fuga et. Et quia suscipit eaque ut occaecati velit.', 3, '2019-04-03 09:21:35', '2019-04-03 09:21:35'),
(52, 154, 'Jordyn Mante', 'Cum reprehenderit et quam qui dolorem. Voluptatem voluptatem tenetur voluptatem recusandae cum. Ducimus architecto dolores corrupti ut autem distinctio. Officia sequi consequuntur voluptas quis voluptas.', 0, '2019-04-03 09:21:35', '2019-04-03 09:21:35'),
(53, 36, 'Maxine Lehner', 'Qui laboriosam aut voluptatibus sit quibusdam animi ullam. Ea corrupti rerum voluptatem sequi ad. Beatae et veritatis sit at et.', 2, '2019-04-03 09:21:35', '2019-04-03 09:21:35'),
(54, 107, 'Gaston Bode', 'Sunt iure fugiat qui voluptates quis ea impedit. Adipisci laudantium quasi autem. At et maxime rerum odio minima tempore aliquid. Illum et fugiat dignissimos omnis in aut fugiat.', 0, '2019-04-03 09:21:35', '2019-04-03 09:21:35'),
(55, 200, 'Mr. Boris Hoppe', 'Ducimus est delectus quaerat aut quia est. Id voluptas sapiente provident culpa. Temporibus deserunt consequatur saepe tempora. Nisi in nostrum delectus quos dolorem necessitatibus.', 5, '2019-04-03 09:21:35', '2019-04-03 09:21:35'),
(56, 39, 'Dr. Trisha Huels', 'Ad consequatur deserunt rerum sit unde. Sit deleniti ad et. Fugit aliquid dicta iste aspernatur et atque.', 4, '2019-04-03 09:21:35', '2019-04-03 09:21:35'),
(57, 111, 'Mrs. Lilly Schowalter', 'Esse autem aut quis ratione rerum nihil. Est et vitae est ea odit est autem possimus. Non quasi aut et libero mollitia voluptate hic.', 1, '2019-04-03 09:21:35', '2019-04-03 09:21:35'),
(58, 114, 'Prof. Rosalyn Howell', 'Corrupti iusto nihil necessitatibus eos ea optio. Deleniti quo earum commodi. Et eum dolor exercitationem rerum omnis. Ut omnis maiores labore illum impedit earum.', 1, '2019-04-03 09:21:35', '2019-04-03 09:21:35'),
(59, 34, 'Mr. Gaetano Rippin I', 'Qui quia molestiae qui a totam. Voluptas sed omnis labore culpa quidem accusantium omnis corporis. Eos repudiandae totam ducimus aut atque aut molestiae omnis. Et est explicabo voluptatem fuga.', 0, '2019-04-03 09:21:35', '2019-04-03 09:21:35'),
(60, 10, 'Elva Heidenreich', 'Et sapiente non dolore magnam dolorum dolorum ut. Et placeat et labore similique reprehenderit consequatur temporibus. Perspiciatis voluptas est eos.', 0, '2019-04-03 09:21:35', '2019-04-03 09:21:35'),
(61, 31, 'Mrs. Marina Schroeder', 'Illum eos illo ratione perferendis consequatur voluptatem inventore. Minima quis saepe occaecati dolorem sit. Eos dicta sed architecto expedita nobis.', 5, '2019-04-03 09:21:35', '2019-04-03 09:21:35'),
(62, 3, 'Dr. Carley Connelly DVM', 'Et illo earum rem laboriosam dolorum quae doloribus. Labore aliquid reiciendis accusamus earum. Nesciunt in qui quis eum et occaecati. Libero eum ipsum ipsum modi quia. Enim dicta et quis aliquam ducimus voluptatum hic repudiandae.', 4, '2019-04-03 09:21:35', '2019-04-03 09:21:35'),
(63, 64, 'Miss Belle Graham I', 'Omnis unde aliquam veniam sunt ratione dolore. Consectetur praesentium eum ipsum maxime tempore.', 2, '2019-04-03 09:21:35', '2019-04-03 09:21:35'),
(64, 98, 'Dr. Winona Block', 'Quo nihil quia non sit aut. Minima praesentium omnis nulla voluptatibus. Qui harum consequatur ex repellat sed.', 0, '2019-04-03 09:21:35', '2019-04-03 09:21:35'),
(65, 193, 'Brooks Bogisich', 'Temporibus voluptatem aspernatur dolorem pariatur qui. Sed officia molestias cum unde laborum. Quis soluta nemo eligendi minus.', 5, '2019-04-03 09:21:35', '2019-04-03 09:21:35'),
(66, 167, 'Aniya Romaguera III', 'Consectetur cumque velit quos facere. Expedita sint eos qui enim odit est. Officiis est eum quas enim distinctio.', 4, '2019-04-03 09:21:35', '2019-04-03 09:21:35'),
(67, 39, 'Mohammad Connelly MD', 'Aliquid ut et beatae enim quibusdam aliquid ratione. Hic eos dolorem et velit quas necessitatibus iste. Temporibus voluptas at occaecati itaque. Omnis voluptatem mollitia doloribus.', 3, '2019-04-03 09:21:35', '2019-04-03 09:21:35'),
(68, 187, 'Oscar Cruickshank', 'Quia voluptate dignissimos saepe exercitationem ut aut dolorem. Aut excepturi blanditiis eum deserunt quam. Ullam provident non illum. Iste et minima ut.', 2, '2019-04-03 09:21:35', '2019-04-03 09:21:35'),
(69, 44, 'Sheldon Schaefer', 'Eius omnis id aut corrupti. Iusto qui vero et perspiciatis suscipit nobis. Dolorum laboriosam est quia debitis.', 1, '2019-04-03 09:21:35', '2019-04-03 09:21:35'),
(70, 67, 'Agnes Bode DDS', 'Quia et ab fugiat similique quo voluptas. In porro qui accusantium voluptatem qui sed. Corporis assumenda reprehenderit quo atque officiis id. Incidunt possimus et est iure consequatur explicabo iure corporis.', 3, '2019-04-03 09:21:35', '2019-04-03 09:21:35'),
(71, 124, 'Coty Ledner Sr.', 'Aperiam consectetur non unde ipsa sed saepe ipsam. Quos quis sunt ratione a. Sint eaque maxime ipsa quo vel suscipit. Dolor id est sint rerum quas et sequi.', 0, '2019-04-03 09:21:35', '2019-04-03 09:21:35'),
(72, 70, 'Mr. Johnathon Boehm DDS', 'Veritatis reiciendis esse aut modi possimus ex. Eligendi esse unde tenetur adipisci optio. Accusantium vel recusandae eveniet vero qui quidem et rerum. Consectetur minima non et veritatis facere.', 2, '2019-04-03 09:21:35', '2019-04-03 09:21:35'),
(73, 81, 'Kathryne Yost', 'Dolorum quis iure vel et facilis sed doloremque. Culpa dolor quos laudantium at ut inventore. Beatae accusantium ut deleniti soluta nam dolor ad. Harum a rem debitis quia veritatis eius consequatur.', 2, '2019-04-03 09:21:35', '2019-04-03 09:21:35'),
(74, 51, 'Prof. Katherine Wisozk', 'Assumenda exercitationem dolor tenetur quibusdam facere. Ea aut velit molestias ipsum perferendis. Qui deleniti iusto nihil enim et illum ab. Unde rerum ratione tenetur rerum facilis.', 2, '2019-04-03 09:21:36', '2019-04-03 09:21:36'),
(75, 158, 'Saul Zemlak', 'Earum veritatis impedit quia corporis enim. Dicta qui ab fuga qui consectetur aut molestias. Facilis sed veniam doloremque hic.', 1, '2019-04-03 09:21:36', '2019-04-03 09:21:36'),
(76, 53, 'Sydnee Swift', 'Omnis pariatur adipisci reiciendis delectus placeat aliquam beatae quod. Maiores nulla fuga sit. A ad veniam harum. Enim odio consequatur ratione dolores incidunt.', 5, '2019-04-03 09:21:36', '2019-04-03 09:21:36'),
(77, 42, 'Cedrick O\'Connell', 'Deleniti dolor expedita et vel at officia similique. Suscipit est omnis cumque animi. Laboriosam est veniam quia nesciunt iste. Magnam nam porro enim dolorum est reiciendis.', 1, '2019-04-03 09:21:36', '2019-04-03 09:21:36'),
(78, 50, 'Ms. Zoila Skiles', 'Aut ex quidem ea explicabo. Provident aliquam aliquam modi nostrum eaque. Sed voluptas rerum ab sequi amet aut consequatur.', 2, '2019-04-03 09:21:36', '2019-04-03 09:21:36'),
(79, 147, 'Dr. Angeline Ferry DVM', 'Distinctio non voluptas pariatur ut rerum animi. Dolorum laborum quia quia nihil expedita ratione corporis sint. Maxime dolor deserunt suscipit doloremque odio voluptas sed. Ad odit aliquam itaque dolor ducimus.', 2, '2019-04-03 09:21:36', '2019-04-03 09:21:36'),
(80, 197, 'Mr. Makenna Gutmann', 'In aut facere architecto exercitationem odit. Vel explicabo enim adipisci architecto ut. Repudiandae architecto rem earum qui ut.', 3, '2019-04-03 09:21:36', '2019-04-03 09:21:36'),
(81, 26, 'Mr. Sammie Crist Sr.', 'Magni ipsum sed qui atque aut. Facere hic quo consectetur omnis. Non omnis et natus ut esse. Ea architecto maxime explicabo et quia.', 2, '2019-04-03 09:21:36', '2019-04-03 09:21:36'),
(82, 69, 'Tiana Medhurst', 'Nihil et vel aspernatur quia aut. Itaque laboriosam laborum illum consequatur. Explicabo quia perspiciatis error. Explicabo ut amet ut autem veritatis hic. Dolores nisi ipsum velit magnam.', 0, '2019-04-03 09:21:36', '2019-04-03 09:21:36'),
(83, 95, 'Elta McGlynn', 'Laborum vel fuga explicabo officia et nisi molestiae distinctio. Porro blanditiis quia dolorem aut molestias dignissimos exercitationem. Veniam ad dolore adipisci nemo alias tempore. Occaecati asperiores harum deleniti quis omnis in.', 0, '2019-04-03 09:21:36', '2019-04-03 09:21:36'),
(84, 68, 'Mr. Ladarius Hackett DDS', 'Eos et consectetur dolorum est. Provident provident doloribus at expedita ab sit totam blanditiis. Praesentium blanditiis nobis numquam repellat. Tempora aperiam accusamus nostrum unde qui repudiandae.', 1, '2019-04-03 09:21:36', '2019-04-03 09:21:36'),
(85, 188, 'Earl Johnston', 'Nobis dolor nam culpa temporibus animi quidem. Voluptas facere aut ipsum rerum et et. Sed deserunt facilis qui sunt doloremque fugit nihil. Amet aliquam quidem et magnam autem excepturi.', 1, '2019-04-03 09:21:36', '2019-04-03 09:21:36'),
(86, 190, 'Maribel Heller PhD', 'Adipisci dolores quae facere sequi. Nisi quibusdam doloremque ratione id. Sequi sunt ut consequatur aut.', 1, '2019-04-03 09:21:36', '2019-04-03 09:21:36'),
(87, 179, 'Marcel Quitzon', 'Ut dignissimos dolor dolorem corrupti illum corporis et sunt. Et commodi quis aut beatae suscipit eos quam. Eveniet vero sit voluptatem recusandae quam.', 2, '2019-04-03 09:21:36', '2019-04-03 09:21:36'),
(88, 182, 'Kristy Cummings', 'Rerum sequi accusamus dolorum ex non. Quidem qui et sed dolor. Odio eveniet rerum odit beatae.', 4, '2019-04-03 09:21:36', '2019-04-03 09:21:36'),
(89, 84, 'Vicky Torp', 'Ex nostrum dolore nisi fuga. Voluptatum adipisci rerum aut modi doloremque ducimus accusamus. Et quisquam aut labore aut est fugiat. Enim ea qui quibusdam cum. Asperiores dignissimos vero et dolorem odit ratione sed non.', 5, '2019-04-03 09:21:36', '2019-04-03 09:21:36'),
(90, 194, 'Elissa Ortiz MD', 'Sed fuga voluptas fuga voluptatibus natus laboriosam. Quibusdam sit et blanditiis consequatur voluptatibus nemo voluptas. In iusto beatae nobis aliquid omnis autem debitis.', 3, '2019-04-03 09:21:36', '2019-04-03 09:21:36'),
(91, 87, 'Tate Lynch', 'Qui dolorum esse enim aut. Eveniet reprehenderit eveniet velit et quo commodi dicta. Nisi et corrupti deleniti ducimus occaecati. Est molestias voluptatem exercitationem quos repellendus incidunt porro.', 5, '2019-04-03 09:21:36', '2019-04-03 09:21:36'),
(92, 148, 'Linda Rau', 'Sint magnam voluptas ut non et sit. Quis alias fugiat illo et ut dolor provident temporibus. Omnis nihil facere debitis saepe veniam.', 1, '2019-04-03 09:21:36', '2019-04-03 09:21:36'),
(93, 120, 'Mercedes Mills', 'Praesentium vel qui sunt commodi eligendi totam. Adipisci voluptatem ratione quia cumque. Reiciendis rerum nam et enim voluptas.', 0, '2019-04-03 09:21:36', '2019-04-03 09:21:36'),
(94, 111, 'Mr. Guy Kirlin II', 'Deserunt dignissimos cum facere saepe labore enim tenetur dolor. Voluptas assumenda neque ut optio voluptas minus facilis. Sed a nemo molestiae maiores.', 5, '2019-04-03 09:21:36', '2019-04-03 09:21:36'),
(95, 147, 'Miss Ena Mueller', 'Expedita labore omnis tempore blanditiis quia rerum odit. Animi nam nisi aut sequi vitae ratione in. Accusamus magni nihil officia quos.', 4, '2019-04-03 09:21:36', '2019-04-03 09:21:36'),
(96, 61, 'Alana Reynolds Jr.', 'Qui eveniet recusandae perspiciatis ea ut. Molestiae explicabo dolor ad aspernatur. Voluptas consectetur provident non.', 2, '2019-04-03 09:21:36', '2019-04-03 09:21:36'),
(97, 49, 'Nyasia Beer', 'Consequatur labore ullam labore sint. Iure qui culpa quia voluptas repellat consequuntur voluptatem minus. Ea ut ducimus necessitatibus sed autem. Facere ab officiis consequatur excepturi et. Praesentium quaerat qui dicta aut.', 1, '2019-04-03 09:21:36', '2019-04-03 09:21:36'),
(98, 83, 'Mattie Breitenberg', 'Fugiat accusantium laboriosam saepe ut eos non quisquam. Quod similique facere nostrum et enim possimus. Fuga distinctio voluptatibus debitis totam ipsam. Vel laborum et provident sit excepturi doloremque.', 2, '2019-04-03 09:21:36', '2019-04-03 09:21:36'),
(99, 102, 'Aida Heidenreich', 'Nihil quia quo suscipit accusantium. Sequi necessitatibus enim qui tenetur ipsum. Facere harum aliquid vel veritatis.', 2, '2019-04-03 09:21:37', '2019-04-03 09:21:37'),
(100, 126, 'Thomas McGlynn', 'Architecto alias quam mollitia. Voluptatem sed impedit quae distinctio dolorem nam nulla. Molestiae illum vel non deleniti et minima.', 4, '2019-04-03 09:21:37', '2019-04-03 09:21:37'),
(101, 190, 'Mrs. Mittie Von', 'Cumque quis a eveniet reiciendis iure. Natus sed dignissimos rem. Consequatur autem quia minus vitae corporis. Quae sed nihil amet enim ipsum.', 1, '2019-04-03 09:21:37', '2019-04-03 09:21:37'),
(102, 114, 'Curtis Graham', 'Illum alias est sed est debitis vero. Quasi eos eum saepe. Iste velit eum sint velit. Debitis voluptatem in aut numquam quis. Quia inventore omnis assumenda itaque in quis.', 2, '2019-04-03 09:21:37', '2019-04-03 09:21:37'),
(103, 87, 'Mr. Brooks Balistreri', 'Ea molestiae voluptates ut numquam nesciunt eos doloribus. Officia omnis officia quos recusandae omnis sed illo. Est nemo ea voluptas suscipit aut quo autem.', 4, '2019-04-03 09:21:37', '2019-04-03 09:21:37'),
(104, 181, 'Lesley Crist', 'Dolor fuga iusto adipisci mollitia ipsam delectus saepe optio. Natus qui consequatur nam dolorum cupiditate voluptas. Ipsa necessitatibus dignissimos distinctio exercitationem. Officia a ut doloremque ea perferendis voluptatem laborum. Iste reiciendis sint molestias dolores et odio.', 1, '2019-04-03 09:21:37', '2019-04-03 09:21:37'),
(105, 84, 'Daren Schowalter', 'Vitae ut dicta harum suscipit qui. Et accusantium temporibus at qui voluptas repellat omnis reiciendis.', 0, '2019-04-03 09:21:37', '2019-04-03 09:21:37'),
(106, 185, 'Fredrick Bergnaum', 'Aut est odio praesentium minus ut. Qui earum sint vel.', 5, '2019-04-03 09:21:37', '2019-04-03 09:21:37'),
(107, 30, 'Alexandrine Hirthe', 'Dolorem hic labore quas omnis quo. Dignissimos voluptatem ut delectus rem voluptas voluptates. Ad ratione adipisci deleniti unde voluptatum. Commodi et qui non omnis.', 4, '2019-04-03 09:21:37', '2019-04-03 09:21:37'),
(108, 4, 'Robyn Bashirian', 'Nobis doloribus eligendi quia voluptatem ab. Illum officia fugit rem cum est sint. Atque enim autem vero sunt animi. Quia mollitia quasi veritatis impedit suscipit. Nihil facere quaerat enim omnis sunt illo quibusdam magni.', 2, '2019-04-03 09:21:37', '2019-04-03 09:21:37'),
(109, 16, 'Josie Cassin', 'Culpa at soluta laborum numquam fugit repellendus laboriosam. Nihil maxime ut inventore quisquam voluptatum vel. Sed ut dolores autem.', 5, '2019-04-03 09:21:37', '2019-04-03 09:21:37'),
(110, 19, 'Abbigail Macejkovic', 'Harum voluptates recusandae quam ut voluptate ratione laudantium. Est sint minima reiciendis nulla. Tempora sapiente molestiae qui nemo eum enim quia.', 4, '2019-04-03 09:21:37', '2019-04-03 09:21:37'),
(111, 74, 'Hilda Purdy', 'Eum non ut soluta et voluptas. Illo magni aut quidem soluta dolor. Dolor at non et cumque laborum.', 4, '2019-04-03 09:21:37', '2019-04-03 09:21:37'),
(112, 29, 'Miss Antonette Dietrich DDS', 'Repudiandae veniam dolores id excepturi dolores quidem. Laboriosam consequatur ut et molestiae esse. Doloribus ipsa sit animi sunt quo velit. Quo cupiditate in nesciunt mollitia neque sequi aperiam.', 5, '2019-04-03 09:21:37', '2019-04-03 09:21:37'),
(113, 142, 'Mrs. Chloe Simonis', 'At velit quisquam unde accusamus. Iste voluptatem dolores iusto nobis aut. Sed quam deleniti asperiores voluptatem qui repellendus excepturi. Doloremque fugit molestiae eos nostrum consectetur qui. Nihil fugit qui corporis et.', 3, '2019-04-03 09:21:37', '2019-04-03 09:21:37'),
(114, 1, 'Prof. Yolanda Bauch', 'Voluptatem minima consequatur voluptatibus quae porro id quo. Voluptatibus et enim perspiciatis quasi pariatur rerum. Cupiditate consequatur dolores commodi asperiores. Voluptas explicabo autem et nulla.', 2, '2019-04-03 09:21:37', '2019-04-03 09:21:37'),
(115, 193, 'Mr. Monserrate Bashirian', 'Quo aspernatur iste saepe voluptatem. Modi ab adipisci qui est dolorem dolores animi. Error quos deleniti omnis. Similique adipisci nulla soluta quia cumque dolorum culpa et.', 4, '2019-04-03 09:21:37', '2019-04-03 09:21:37'),
(116, 99, 'Elise Mertz', 'Ratione atque nihil ea illum laborum sunt corrupti. Officiis harum et dolores saepe. Fugit quo error adipisci sit sit.', 4, '2019-04-03 09:21:37', '2019-04-03 09:21:37'),
(117, 110, 'Dr. Orpha Predovic MD', 'Iure minus non at veniam perspiciatis. Et porro ullam quia nemo odit et quam. Iste quae necessitatibus eveniet et optio et necessitatibus.', 0, '2019-04-03 09:21:37', '2019-04-03 09:21:37'),
(118, 140, 'Selena Macejkovic', 'Quam illo quod adipisci inventore repudiandae porro. Molestiae quo similique rem aliquid culpa porro autem expedita. Deleniti aspernatur aliquid quasi mollitia.', 1, '2019-04-03 09:21:37', '2019-04-03 09:21:37'),
(119, 75, 'Mrs. Iva Hauck V', 'Voluptatem deleniti debitis veniam velit est ipsum. Non et culpa magnam error iusto nobis. Qui id eum nihil eum et omnis.', 0, '2019-04-03 09:21:37', '2019-04-03 09:21:37'),
(120, 52, 'Bernard Huel', 'Fugiat non omnis quod debitis minima vel voluptas molestias. Sequi et reprehenderit suscipit distinctio vel accusantium. Dolor quam quo nostrum tenetur.', 0, '2019-04-03 09:21:37', '2019-04-03 09:21:37'),
(121, 186, 'Antonia Dibbert', 'Officia quam pariatur ullam non hic beatae ipsam iste. Ipsum esse eveniet et est.', 3, '2019-04-03 09:21:37', '2019-04-03 09:21:37'),
(122, 178, 'Ms. Tamara Emmerich DDS', 'Tenetur aut quod vel cupiditate illum aut necessitatibus. Quia odit maiores et dicta est. Occaecati eaque quos expedita voluptate eligendi. Dolores totam quia sapiente facere voluptas a cumque.', 4, '2019-04-03 09:21:37', '2019-04-03 09:21:37'),
(123, 197, 'Leonor Monahan', 'Sit animi sapiente eos exercitationem fuga. Debitis enim aperiam dolorem consequatur qui corporis. Totam quo nam adipisci et ipsam dolorem. Placeat ut aut et sunt rerum reiciendis vero aut.', 2, '2019-04-03 09:21:37', '2019-04-03 09:21:37'),
(124, 154, 'Maxie Block', 'Ipsum animi ipsum doloribus aut cum. Voluptate ad ut ea. Vitae esse velit ducimus quis excepturi. Sed beatae quisquam dolor ab assumenda.', 4, '2019-04-03 09:21:37', '2019-04-03 09:21:37'),
(125, 21, 'Zora Blanda', 'Est architecto velit veritatis assumenda ad. Eligendi ea iure explicabo accusamus voluptatem exercitationem alias et. Aliquid tempore molestias ipsum.', 0, '2019-04-03 09:21:38', '2019-04-03 09:21:38'),
(126, 108, 'Dominic Gislason', 'Delectus tempora dolorem molestias quo id et enim ab. Occaecati eveniet aliquam laboriosam tenetur. Qui quia maxime omnis quia ipsa voluptatem.', 3, '2019-04-03 09:21:38', '2019-04-03 09:21:38'),
(127, 34, 'Jess Murray', 'Voluptatibus quaerat non ut inventore vero velit consequatur. Totam asperiores quas veniam dignissimos vitae aut. Voluptatibus sed porro iste atque non commodi nisi possimus. Qui et non esse error officiis accusantium. Nostrum tenetur atque autem mollitia quam consequatur.', 1, '2019-04-03 09:21:38', '2019-04-03 09:21:38'),
(128, 8, 'Prof. Damion Herzog', 'Aut voluptatem est quae et praesentium unde consequatur. Eos fugit non quis possimus harum. Ut voluptatem dolorem atque vero vero et et.', 0, '2019-04-03 09:21:38', '2019-04-03 09:21:38'),
(129, 191, 'Mustafa Littel', 'Velit maxime dicta praesentium aut quis. Quod est id ut autem itaque quo deserunt impedit. Consequatur possimus maxime ipsa.', 5, '2019-04-03 09:21:38', '2019-04-03 09:21:38'),
(130, 62, 'Cedrick Zulauf', 'Ut qui quas fuga cum exercitationem natus. Ut hic delectus voluptas magni repellat nam. Molestiae in eligendi saepe sint reprehenderit assumenda sed. At voluptas accusantium blanditiis quod perspiciatis consequatur.', 1, '2019-04-03 09:21:38', '2019-04-03 09:21:38'),
(131, 193, 'Hope Hickle', 'Qui quasi molestiae veritatis saepe expedita similique asperiores. Excepturi quae vel delectus aliquid atque nulla. Labore dolores iusto atque quibusdam odio ea laboriosam. Eos placeat distinctio quibusdam aspernatur numquam accusamus voluptas.', 4, '2019-04-03 09:21:38', '2019-04-03 09:21:38'),
(132, 189, 'Wilhelmine Mills I', 'Enim corrupti dignissimos laborum delectus. Repellat molestias ipsam et optio. Esse quia ut non voluptatum. Labore est totam voluptatem hic sit.', 4, '2019-04-03 09:21:38', '2019-04-03 09:21:38'),
(133, 77, 'Hollis Abshire', 'Soluta accusamus et ratione at pariatur ab. Ut officia dicta nostrum aspernatur culpa placeat. Quo quia voluptatem error sit eum quos et. Distinctio consequuntur labore ea molestias illum molestiae qui.', 5, '2019-04-03 09:21:38', '2019-04-03 09:21:38'),
(134, 125, 'Merritt Osinski', 'Ad nam repellat sed aut. Vero repellat deserunt eveniet aut sunt et molestias. Cumque ex deleniti quidem non.', 0, '2019-04-03 09:21:38', '2019-04-03 09:21:38'),
(135, 123, 'Ozella Corkery V', 'Libero rerum officia ex consequatur non eos. Numquam numquam consequuntur fuga voluptates quae similique. Sed eos et minus veritatis maxime sint.', 0, '2019-04-03 09:21:38', '2019-04-03 09:21:38'),
(136, 120, 'Mr. Ted Auer II', 'Suscipit recusandae eligendi sed explicabo deleniti molestias odio. Ipsam aspernatur consequatur earum.', 0, '2019-04-03 09:21:38', '2019-04-03 09:21:38'),
(137, 60, 'Ray Pacocha', 'Voluptatibus totam doloribus nostrum praesentium esse. Velit dolores mollitia dolorum nesciunt doloremque praesentium. Mollitia quo error omnis.', 3, '2019-04-03 09:21:38', '2019-04-03 09:21:38'),
(138, 142, 'Mrs. Maryjane Swaniawski', 'Quibusdam vitae harum est. Omnis et pariatur recusandae tenetur ut. Assumenda accusamus facere fuga labore. Nulla id quo numquam provident consequatur iusto distinctio.', 5, '2019-04-03 09:21:38', '2019-04-03 09:21:38'),
(139, 141, 'Elwin Legros', 'Voluptatum blanditiis nihil vel dicta facere. Id enim nulla et. Et suscipit animi qui et explicabo doloribus.', 0, '2019-04-03 09:21:38', '2019-04-03 09:21:38'),
(140, 66, 'Ms. Constance Jacobson IV', 'Officiis accusamus possimus blanditiis nostrum doloribus quisquam explicabo. Modi omnis iusto ipsa qui dolor sit aperiam cupiditate. Aliquam dolore voluptas est quas fugiat voluptate.', 5, '2019-04-03 09:21:38', '2019-04-03 09:21:38'),
(141, 185, 'Maye Hackett', 'Numquam nihil enim veritatis id quo. Possimus sed eum consequuntur non. Ea enim et excepturi et recusandae et. Atque consequatur ipsum commodi sit amet.', 0, '2019-04-03 09:21:38', '2019-04-03 09:21:38'),
(142, 75, 'Katharina Ebert', 'Unde doloremque sit fugit harum ipsam inventore voluptatum. Laboriosam magni nihil eaque eum quam et optio iusto. Atque deserunt voluptatem rem omnis non. Ipsum mollitia itaque labore et ipsum debitis.', 3, '2019-04-03 09:21:38', '2019-04-03 09:21:38'),
(143, 118, 'Dr. Joana Gleason', 'Ea consequatur ex sint mollitia vero id ut. Ea velit ad quia dolor dolor ut reiciendis. Harum nostrum natus est ipsum voluptatum.', 5, '2019-04-03 09:21:38', '2019-04-03 09:21:38'),
(144, 178, 'Mrs. Lynn Wintheiser Sr.', 'Et deserunt libero eaque repudiandae ipsam velit. Animi perspiciatis sed deleniti laboriosam itaque ut. Laudantium quo ad sunt dolorum molestias nihil. Officia illum et laborum reprehenderit quisquam vel.', 5, '2019-04-03 09:21:38', '2019-04-03 09:21:38'),
(145, 103, 'Mr. Hailey Rippin', 'Qui tempore quidem magnam sunt est doloremque. Possimus dolores qui nihil. Unde aperiam repellendus est modi pariatur. Ut voluptatum quia dolores facilis optio nisi ducimus quam.', 5, '2019-04-03 09:21:38', '2019-04-03 09:21:38'),
(146, 13, 'Veda Graham', 'Fuga recusandae est earum dolor mollitia pariatur. Laudantium odit qui est sed. Enim ea aut molestiae quasi voluptates. Debitis molestiae similique incidunt sit eum.', 5, '2019-04-03 09:21:38', '2019-04-03 09:21:38'),
(147, 187, 'Friedrich Gislason', 'Illum aut facere et est at. Cumque facere blanditiis doloribus ea repellat totam consequatur. Et ipsum temporibus cumque cumque est officia error. Harum ut praesentium quaerat et.', 3, '2019-04-03 09:21:38', '2019-04-03 09:21:38'),
(148, 41, 'Colt Haley', 'Et iste nihil et sed consequuntur rem. Sint rem sunt assumenda temporibus odit. Ut sed vero optio quia consequatur sapiente.', 5, '2019-04-03 09:21:38', '2019-04-03 09:21:38'),
(149, 170, 'Pamela D\'Amore', 'Quos quidem non qui optio eum. Iure ducimus at quis quis omnis nisi. Dolor aut deserunt suscipit dolor non.', 1, '2019-04-03 09:21:38', '2019-04-03 09:21:38'),
(150, 59, 'Dr. Brook Herzog MD', 'Dolores sint voluptatem eos eveniet dolorem nam consequuntur ut. Est ratione consectetur ducimus culpa et. Libero soluta quisquam libero voluptatum veritatis et qui.', 2, '2019-04-03 09:21:38', '2019-04-03 09:21:38'),
(151, 179, 'Orlo Deckow', 'Illum cupiditate est non reiciendis mollitia sequi. Harum et tempora nihil sed quae vel libero. Adipisci quia aut quos et odit aut voluptatem. Est id consequatur dolores quisquam ea debitis omnis.', 0, '2019-04-03 09:21:38', '2019-04-03 09:21:38'),
(152, 63, 'Mr. Gennaro Hegmann', 'Suscipit est sint accusantium accusantium et. Sed ab ducimus animi asperiores impedit. Dolorum maxime distinctio omnis incidunt necessitatibus.', 0, '2019-04-03 09:21:39', '2019-04-03 09:21:39'),
(153, 63, 'Darren Considine', 'Suscipit voluptates perferendis alias et sunt. Tempore sint et quos voluptatem architecto fugiat. Quisquam distinctio voluptas quaerat quidem deleniti. Aut distinctio hic autem nihil et id.', 1, '2019-04-03 09:21:39', '2019-04-03 09:21:39'),
(154, 33, 'Antone Frami', 'Ullam iure est illum qui consectetur. Nam sit vitae aliquid. Est ut exercitationem alias qui. Voluptates saepe aut delectus et dignissimos aliquam doloribus quis.', 2, '2019-04-03 09:21:39', '2019-04-03 09:21:39'),
(155, 144, 'Rozella Stehr', 'Dolores eius corrupti optio. Et iure sapiente ut et distinctio. Eaque rerum voluptatibus facilis et aut inventore dolorem.', 3, '2019-04-03 09:21:39', '2019-04-03 09:21:39'),
(156, 128, 'Nola Murazik', 'Nihil quod tempore eaque animi minus voluptatibus quidem. Eaque itaque ex qui voluptates. Est laboriosam molestiae ea et. Tenetur molestiae corrupti eligendi ducimus ut cum.', 5, '2019-04-03 09:21:39', '2019-04-03 09:21:39'),
(157, 24, 'Mohammad Schulist', 'Repellat consequatur assumenda cupiditate. Deleniti doloremque dolores inventore voluptate tenetur enim quas autem. Reprehenderit quis vero animi excepturi.', 1, '2019-04-03 09:21:39', '2019-04-03 09:21:39'),
(158, 80, 'Dr. Freida Blick', 'Numquam rerum necessitatibus et. Assumenda atque odit quaerat. Et amet quae incidunt dolores possimus corporis.', 0, '2019-04-03 09:21:39', '2019-04-03 09:21:39'),
(159, 24, 'Matilda Schmeler', 'Distinctio voluptatibus alias quae culpa. Molestias laudantium aut nihil fugiat quo nostrum. Est omnis blanditiis id expedita quaerat sequi suscipit. Voluptatum eos qui aut itaque debitis mollitia velit. Quaerat magnam et numquam aliquam et aut vel.', 3, '2019-04-03 09:21:39', '2019-04-03 09:21:39'),
(160, 54, 'Mr. Deshaun Block V', 'Voluptas illum dolor in voluptatem. Earum similique occaecati corrupti et cum necessitatibus. Magni totam vitae vel aliquid qui autem odio aut.', 2, '2019-04-03 09:21:39', '2019-04-03 09:21:39'),
(161, 22, 'Amiya Leuschke', 'Ea nesciunt non porro quae assumenda. Voluptate dicta eaque cumque dicta vel quia est. Culpa vel aut et est recusandae aut.', 5, '2019-04-03 09:21:39', '2019-04-03 09:21:39'),
(162, 193, 'Dr. Maude Moore', 'Molestias et alias recusandae dolor praesentium. Blanditiis nisi provident sit adipisci et id esse. Doloribus neque ab id cumque iure vel ut. Facere ullam facere soluta. Inventore minima inventore reprehenderit sint saepe velit.', 2, '2019-04-03 09:21:39', '2019-04-03 09:21:39'),
(163, 84, 'Oliver Gutkowski', 'Labore enim voluptatibus distinctio qui. Voluptatem repellat ex temporibus. Vero tenetur dicta neque vero ullam et et. Est velit rem et aliquid.', 2, '2019-04-03 09:21:39', '2019-04-03 09:21:39'),
(164, 92, 'Miss Susie Bartoletti', 'Et iure distinctio dolore adipisci mollitia. Provident totam optio velit aspernatur. Nihil quam magnam enim rerum.', 2, '2019-04-03 09:21:39', '2019-04-03 09:21:39'),
(165, 185, 'Kayden Orn', 'Nam debitis ea quidem ratione. Sed impedit nostrum assumenda aliquam possimus autem tempore. Dignissimos ducimus repellendus ducimus consectetur doloribus itaque ab vel.', 5, '2019-04-03 09:21:39', '2019-04-03 09:21:39'),
(166, 124, 'Cielo Sawayn', 'Assumenda error ut recusandae eum id libero. Porro consequatur id est sequi quis unde dolorum. Nemo ut minima repellat excepturi.', 4, '2019-04-03 09:21:39', '2019-04-03 09:21:39'),
(167, 134, 'Prof. Stacy Davis DDS', 'Necessitatibus sint optio soluta magni eum. Id sapiente aut ullam recusandae aliquam voluptates maiores ex. Necessitatibus enim provident maxime et sunt enim error quia.', 2, '2019-04-03 09:21:39', '2019-04-03 09:21:39'),
(168, 163, 'Simeon Bogisich', 'Et et facere quis alias corrupti placeat. Ut cum et id consequatur. Ut quo est aut sed cumque dicta.', 5, '2019-04-03 09:21:39', '2019-04-03 09:21:39'),
(169, 16, 'Dr. Grant Jacobson IV', 'Eos mollitia et quaerat. Quos ut rerum libero atque. Non voluptatibus perferendis et. Quasi error et voluptatum quos distinctio.', 1, '2019-04-03 09:21:39', '2019-04-03 09:21:39'),
(170, 9, 'Miss Emilie Schmidt', 'Consequatur quia nihil quae ut ex soluta earum qui. Odit aperiam quis ullam ut qui. Tempora omnis quia quia. Repudiandae quo dolorem architecto in sit aliquid qui. Eum et reiciendis nihil et possimus dolores quasi.', 3, '2019-04-03 09:21:39', '2019-04-03 09:21:39'),
(171, 61, 'Randy Schaden III', 'Ut rerum provident dolor harum voluptatem. Ad dolorem odit sit eum atque eos quisquam. Quasi occaecati quia aut.', 5, '2019-04-03 09:21:39', '2019-04-03 09:21:39'),
(172, 21, 'Katelynn Erdman', 'Laborum repudiandae similique repellendus exercitationem tenetur quibusdam non. Et vero itaque ipsam aut sunt excepturi eius. In architecto occaecati ipsum enim illum autem.', 0, '2019-04-03 09:21:39', '2019-04-03 09:21:39'),
(173, 80, 'Kara King PhD', 'Et consectetur qui ut quam. Quaerat id omnis laboriosam fuga totam repudiandae voluptatum.', 5, '2019-04-03 09:21:39', '2019-04-03 09:21:39'),
(174, 21, 'Carter Cole', 'Tempora similique optio impedit sunt repudiandae voluptatem fugiat. Sed incidunt eum tempora deleniti iusto quia iusto. Quos assumenda natus nisi quibusdam aut distinctio maxime. Minima explicabo et eveniet sunt veniam consequatur similique.', 0, '2019-04-03 09:21:39', '2019-04-03 09:21:39'),
(175, 185, 'Jayne Swift', 'Ea nisi molestias quia ea molestiae. Laborum quam quia molestiae voluptate vitae neque. Cumque et omnis animi qui beatae.', 1, '2019-04-03 09:21:39', '2019-04-03 09:21:39'),
(176, 175, 'Prof. Mohamed Wisozk IV', 'Aut praesentium eum architecto eveniet pariatur. Temporibus tenetur voluptatem accusamus ut et. Aut quo eveniet corporis pariatur et dolorum saepe. Ut est culpa dolore nihil.', 1, '2019-04-03 09:21:39', '2019-04-03 09:21:39'),
(177, 123, 'Noemie Crist', 'Et praesentium nam dolorem ut. Harum odit sequi facilis quas. Sunt rerum alias voluptatem tenetur quos.', 5, '2019-04-03 09:21:39', '2019-04-03 09:21:39'),
(178, 93, 'Carli Vandervort PhD', 'Ullam possimus hic repellat. Eius eius ipsum illum non pariatur. Velit non dolorem impedit laboriosam esse.', 3, '2019-04-03 09:21:39', '2019-04-03 09:21:39'),
(179, 145, 'Hertha Fisher', 'Dolorem architecto deserunt est molestiae dignissimos illo commodi. Qui suscipit repellat eligendi ipsa. Et rerum nobis blanditiis.', 3, '2019-04-03 09:21:39', '2019-04-03 09:21:39'),
(180, 77, 'Darius Goldner', 'Perferendis facere quia eum culpa quia cum. Quos accusantium voluptatem ipsum eius. Et omnis velit harum quo. Quae eaque laboriosam inventore error tenetur incidunt.', 5, '2019-04-03 09:21:39', '2019-04-03 09:21:39'),
(181, 148, 'Mrs. Erica Mertz I', 'Qui maiores est culpa libero sapiente. Numquam in quasi et accusamus corporis dolor dolorum. Rerum harum commodi similique aut omnis.', 3, '2019-04-03 09:21:40', '2019-04-03 09:21:40'),
(182, 118, 'Dr. Jermey Pfeffer', 'Voluptate eius et nulla odit. Aliquam voluptatem neque laborum dolorem deserunt rerum corrupti sed. Cupiditate consequuntur et amet debitis vel vitae debitis. Voluptas aliquid aspernatur tempore qui. Necessitatibus corrupti laboriosam eos maiores architecto.', 5, '2019-04-03 09:21:40', '2019-04-03 09:21:40'),
(183, 67, 'Devan Koch DVM', 'Debitis et optio repellendus pariatur at autem sit. Sit modi quaerat aperiam et nihil laborum cumque.', 1, '2019-04-03 09:21:40', '2019-04-03 09:21:40'),
(184, 41, 'Mrs. Theresia Berge', 'Est qui voluptate molestiae est. Nihil quis cum dolorem hic repellendus deleniti reprehenderit placeat. Ipsam voluptas distinctio fuga a et explicabo. Fuga sunt non dicta delectus quae at voluptatem quas.', 4, '2019-04-03 09:21:40', '2019-04-03 09:21:40'),
(185, 106, 'Mr. Alvah Ward', 'Similique fugit sunt aut placeat molestiae vitae corrupti quis. Cum optio deserunt dicta cum. Ducimus ut et quam assumenda.', 0, '2019-04-03 09:21:40', '2019-04-03 09:21:40'),
(186, 165, 'Prof. Wilton Cole', 'Assumenda ea iure dicta quo natus qui. Occaecati qui ut aut. Ut quis sunt voluptatem ut molestiae.', 3, '2019-04-03 09:21:40', '2019-04-03 09:21:40'),
(187, 45, 'Justen Kulas DVM', 'Architecto architecto ea sed dolorum. Sit itaque numquam quo. Aliquid nemo ea veritatis et natus. Ipsam reprehenderit sint rerum dolorem quasi et. Ipsum deleniti minima fuga est reprehenderit omnis.', 2, '2019-04-03 09:21:40', '2019-04-03 09:21:40'),
(188, 79, 'Kyle Rowe', 'Rerum aliquid quis quod quibusdam esse et inventore incidunt. Eveniet sed aut omnis. Dolorem dolorum harum nulla doloremque.', 4, '2019-04-03 09:21:40', '2019-04-03 09:21:40'),
(189, 180, 'Hank Hackett DVM', 'Dolore repellat eos a quis modi ad. Laudantium similique dignissimos cumque omnis. Quia ullam ducimus rerum blanditiis.', 5, '2019-04-03 09:21:40', '2019-04-03 09:21:40'),
(190, 36, 'Armand Sanford', 'Quisquam ut fugiat sed reiciendis neque sit culpa. Sint enim eum consectetur perspiciatis dolorem. Ab quos placeat et porro culpa. Eum voluptatem voluptatem et reiciendis cumque.', 4, '2019-04-03 09:21:40', '2019-04-03 09:21:40'),
(191, 99, 'Blake Casper', 'Et velit magnam velit corporis. Illum sunt ipsa consequatur aut. Velit eaque quis autem. Rerum qui veritatis ut ut ad.', 1, '2019-04-03 09:21:40', '2019-04-03 09:21:40'),
(192, 172, 'Mr. Celestino Parisian DDS', 'Ea odio ut beatae est et. Veniam consequatur impedit accusamus. Praesentium numquam non non non cumque quisquam ut. Sapiente quaerat nemo autem eum ut eos veniam quas.', 0, '2019-04-03 09:21:40', '2019-04-03 09:21:40'),
(193, 106, 'Mylene Sporer IV', 'Modi ipsam et accusantium minus eaque optio. Aut consequatur nam saepe atque voluptatem aspernatur. Mollitia eveniet facere voluptas voluptatum nihil provident facilis et. Omnis repudiandae quibusdam non est eum.', 3, '2019-04-03 09:21:40', '2019-04-03 09:21:40'),
(194, 172, 'Ms. Natasha Hodkiewicz Sr.', 'Molestias qui velit illum dolorem voluptas laboriosam. Quia velit ut non libero libero culpa. Quia enim et ad minima.', 2, '2019-04-03 09:21:40', '2019-04-03 09:21:40'),
(195, 41, 'Zula Rau', 'Et magni est deserunt rerum atque amet. Ducimus vitae optio occaecati nostrum ducimus sit. Ea facere nobis vitae ratione. Consequatur quia sed quos facilis exercitationem.', 1, '2019-04-03 09:21:40', '2019-04-03 09:21:40'),
(196, 32, 'Mercedes Roberts V', 'Vel et ipsum rerum dolorem aperiam eveniet. Itaque sunt repellendus nisi atque dolores. Eum itaque illum ipsa id.', 1, '2019-04-03 09:21:40', '2019-04-03 09:21:40'),
(197, 145, 'Ola Tillman', 'Non qui eos est quibusdam et. Quis quaerat beatae in officia. Praesentium molestiae velit accusamus dolore. Ut voluptatem adipisci perferendis quae quis. Amet iusto libero dolore explicabo ipsum.', 1, '2019-04-03 09:21:40', '2019-04-03 09:21:40'),
(198, 12, 'Dr. Camille Balistreri', 'Quia eveniet eos unde a qui ullam et. Pariatur quaerat dolorem qui voluptatem velit incidunt qui. Voluptate sit aperiam sunt cum nam et animi. Consequatur aliquam dolorem ea.', 0, '2019-04-03 09:21:40', '2019-04-03 09:21:40'),
(199, 16, 'Lenora Renner', 'Temporibus consequatur est quia provident ratione possimus ut. Dolores eos tenetur illum. Nihil amet exercitationem est nostrum. Id facere ut soluta ut voluptatem quis omnis.', 5, '2019-04-03 09:21:40', '2019-04-03 09:21:40'),
(200, 68, 'Prof. Urban Pfannerstill', 'Natus quae alias maiores et. Aperiam magni aut eaque. Doloremque doloremque et modi quis. Aut odio est qui sunt placeat dolore quidem placeat.', 1, '2019-04-03 09:21:40', '2019-04-03 09:21:40'),
(201, 41, 'Ms. Sabina Gibson Jr.', 'Corporis quos suscipit vel sunt. Placeat quia quia quas. Suscipit magnam repudiandae deserunt quis voluptatibus corrupti.', 3, '2019-04-03 09:21:40', '2019-04-03 09:21:40'),
(202, 8, 'Dashawn Swift', 'Ad qui necessitatibus assumenda consequatur. Nostrum minima adipisci error consequatur et non beatae. Aliquid voluptatum voluptatem dolor consequuntur corrupti. Quae laborum est doloribus autem sed officia.', 5, '2019-04-03 09:21:40', '2019-04-03 09:21:40'),
(203, 176, 'Rasheed Kessler', 'Tenetur quidem et aliquam deserunt iusto rem omnis. Animi facere sed vitae labore voluptatem et dolores molestiae. Neque et esse nihil voluptatum accusamus. Quod consequatur voluptatem numquam ut dolores saepe officiis.', 4, '2019-04-03 09:21:40', '2019-04-03 09:21:40'),
(204, 140, 'Mr. Jovanny Mueller', 'Quia aliquid aut voluptatem omnis. Omnis esse quis a ut. Nostrum at consequatur rem laborum voluptates. Repellendus ut eveniet autem cupiditate est.', 2, '2019-04-03 09:21:40', '2019-04-03 09:21:40'),
(205, 39, 'Alvera Swift', 'Animi quo alias ad magni harum accusantium voluptas. Et iste magni est ratione. Deleniti recusandae ea consequatur possimus. Facere repellendus delectus inventore eos ipsa ab.', 5, '2019-04-03 09:21:40', '2019-04-03 09:21:40'),
(206, 127, 'Opal Dietrich', 'Accusamus tempore ducimus dolorum veritatis voluptas. Velit fugit corporis distinctio necessitatibus illum quas. Natus explicabo sequi autem ut. Recusandae ex iusto dicta consequatur aperiam voluptatem.', 5, '2019-04-03 09:21:40', '2019-04-03 09:21:40'),
(207, 127, 'Astrid Konopelski', 'Cumque mollitia natus sapiente. Illo natus enim ut ut. Natus in aut et accusamus sit aut eligendi. Aperiam ullam omnis voluptatem at ut ut et. Tenetur possimus quia iure.', 1, '2019-04-03 09:21:40', '2019-04-03 09:21:40'),
(208, 107, 'Sophie Mante', 'Dolorem voluptatem earum accusantium labore eius at. Praesentium voluptatibus exercitationem autem hic quia molestias consectetur. Nam dolore incidunt nam nobis.', 2, '2019-04-03 09:21:40', '2019-04-03 09:21:40'),
(209, 27, 'Emery Wunsch', 'Dolores consectetur laboriosam molestiae. Eius pariatur rem est cumque exercitationem ipsa delectus. In ut minima deleniti veniam voluptatem quia. Sed quo aliquam dicta nam minima quis placeat.', 0, '2019-04-03 09:21:41', '2019-04-03 09:21:41'),
(210, 182, 'Tessie Shanahan IV', 'Dolore dolores aut doloribus sit dicta dolorem. Voluptatem voluptatem et pariatur dolore.', 1, '2019-04-03 09:21:41', '2019-04-03 09:21:41');
INSERT INTO `reviews` (`id`, `product_id`, `customer`, `review`, `star`, `created_at`, `updated_at`) VALUES
(211, 87, 'Robyn Willms', 'Provident non dolor quo aut ut beatae perspiciatis. Magnam et itaque enim molestias repudiandae rem. Iusto totam et quod voluptatibus repellendus voluptatem. Sunt eaque molestiae deleniti qui enim est ad.', 1, '2019-04-03 09:21:41', '2019-04-03 09:21:41'),
(212, 34, 'Alaina Lehner', 'Ut dolor omnis minima. Quos neque dicta enim magni. Atque error libero sunt aperiam molestiae sit odio. Quo voluptatem maiores error perferendis consequuntur natus soluta. Ut temporibus expedita recusandae vel dicta voluptatem.', 3, '2019-04-03 09:21:41', '2019-04-03 09:21:41'),
(213, 17, 'Marcelle Wintheiser DVM', 'Expedita est quia dolore ex. Nihil iure in cum incidunt ea. Aperiam expedita hic ipsum libero rem.', 3, '2019-04-03 09:21:41', '2019-04-03 09:21:41'),
(214, 95, 'Sally Harvey', 'Rem voluptas sint incidunt eaque. Harum hic repellendus maiores aliquam sit ipsam perspiciatis. Dignissimos voluptatem culpa officiis dolores nisi quibusdam impedit. Ea veritatis quia molestias aut eius.', 3, '2019-04-03 09:21:41', '2019-04-03 09:21:41'),
(215, 117, 'Cleve Stamm DDS', 'Expedita porro voluptas error consequuntur quisquam. Quisquam tenetur omnis consequuntur eos laborum aliquid laudantium. Earum iusto sequi veritatis. A sapiente ut enim recusandae qui quis ipsam.', 5, '2019-04-03 09:21:41', '2019-04-03 09:21:41'),
(216, 199, 'Ivah Dicki II', 'Consequatur fuga maiores et voluptates temporibus. Et molestiae iure non nostrum dolorem numquam.', 1, '2019-04-03 09:21:41', '2019-04-03 09:21:41'),
(217, 110, 'Nikita Jaskolski', 'Aperiam numquam aut reiciendis neque accusamus ut. Et explicabo nihil quibusdam omnis ratione omnis. Enim qui excepturi aperiam eos.', 2, '2019-04-03 09:21:41', '2019-04-03 09:21:41'),
(218, 95, 'Miss Ericka Armstrong', 'Maiores labore iste consequuntur reiciendis. Rerum quasi sunt quo natus aut quia beatae perferendis. Earum maxime ea officia necessitatibus porro dolorem. Maiores et facere impedit quidem neque itaque et.', 1, '2019-04-03 09:21:41', '2019-04-03 09:21:41'),
(219, 159, 'Aurelie VonRueden', 'Quod laborum voluptas explicabo veniam est. Aliquid et ipsum cupiditate expedita labore commodi. Ea adipisci voluptatem repellendus architecto id est quos. Id ut ab fugit ad deserunt iure.', 1, '2019-04-03 09:21:41', '2019-04-03 09:21:41'),
(220, 37, 'Mr. Spencer Kutch Sr.', 'Aut veniam praesentium sed temporibus qui. Eveniet aut veniam at dolores. Nam placeat exercitationem est facilis deserunt molestias voluptatem sapiente.', 4, '2019-04-03 09:21:41', '2019-04-03 09:21:41'),
(221, 99, 'Cloyd Kuhlman III', 'Dolore autem excepturi vel saepe suscipit fugiat. Maxime vel dolor earum sed. Autem qui quasi debitis ea quidem quis possimus laboriosam. Delectus corrupti quo incidunt sit animi aut porro quis.', 0, '2019-04-03 09:21:41', '2019-04-03 09:21:41'),
(222, 54, 'Modesta Grimes III', 'Expedita dolorum consequatur asperiores voluptates dolorum molestiae eius. Dolores commodi sunt eum nostrum. Cumque explicabo dignissimos autem voluptatem. Dolore inventore repellat voluptatem facilis quia.', 4, '2019-04-03 09:21:41', '2019-04-03 09:21:41'),
(223, 66, 'Cedrick Luettgen', 'Est expedita voluptates eius voluptate nisi recusandae. Voluptas dignissimos qui ad ut omnis et. Eius maxime autem ea. Qui nulla odio qui doloremque amet veritatis culpa.', 4, '2019-04-03 09:21:41', '2019-04-03 09:21:41'),
(224, 44, 'Robert Bednar', 'Eveniet facere nisi eveniet fugit natus. Enim dignissimos dolorum et sint nobis labore eius esse. Velit sunt rerum excepturi ullam tenetur officiis. Earum qui accusantium at provident perferendis. Esse nihil modi ad architecto recusandae aut veritatis.', 2, '2019-04-03 09:21:41', '2019-04-03 09:21:41'),
(225, 20, 'Coty Little DVM', 'Odio fuga hic doloremque nihil quis dolor quae. In impedit earum sunt nihil ea sit in.', 3, '2019-04-03 09:21:41', '2019-04-03 09:21:41'),
(226, 143, 'Mr. Dell Smith', 'Rerum dolorem alias nam illo est sint commodi assumenda. Non voluptatibus harum aut libero suscipit. Aut reiciendis sint sunt cupiditate assumenda. Ut incidunt quia sint qui enim.', 4, '2019-04-03 09:21:41', '2019-04-03 09:21:41'),
(227, 20, 'Mr. Mohammed Armstrong III', 'Ad alias minima sunt vel vitae quidem. Quod ut cum reprehenderit iure ea ea. Cumque minus animi distinctio excepturi ut eum natus numquam. Maiores sunt qui architecto rerum sed.', 4, '2019-04-03 09:21:41', '2019-04-03 09:21:41'),
(228, 38, 'Mr. Enid Ullrich Jr.', 'Quia quod recusandae autem sapiente consequatur optio. Quasi consequatur voluptas qui atque eligendi in. Corrupti laudantium id quo laboriosam.', 0, '2019-04-03 09:21:41', '2019-04-03 09:21:41'),
(229, 19, 'Mr. Chesley Becker II', 'Laborum dolorum et ut nisi incidunt. Laborum a facilis est autem quis delectus quo. Aspernatur eveniet ipsam nesciunt sed.', 5, '2019-04-03 09:21:41', '2019-04-03 09:21:41'),
(230, 27, 'Ayla Ryan', 'Minus facilis et nemo voluptate voluptates blanditiis dolorem. Possimus et voluptas exercitationem necessitatibus pariatur. Assumenda quidem dolores architecto deleniti expedita.', 2, '2019-04-03 09:21:41', '2019-04-03 09:21:41'),
(231, 45, 'Ole Kunze', 'Provident non quis nihil qui debitis nesciunt aperiam. Est itaque repudiandae vitae aut iusto. Consequatur consequatur et assumenda dolor voluptatem voluptatem. Quasi earum sint exercitationem et voluptatem.', 2, '2019-04-03 09:21:41', '2019-04-03 09:21:41'),
(232, 69, 'Mrs. Nova Goldner PhD', 'Voluptas a nam est qui. Necessitatibus quis porro veritatis nam nulla. Autem nihil quos alias iste deserunt dolorum similique.', 0, '2019-04-03 09:21:41', '2019-04-03 09:21:41'),
(233, 164, 'Miss Nelda Kuphal V', 'Vel repellendus velit eveniet architecto molestias enim. Saepe aliquid quia asperiores sit esse cupiditate. Delectus corrupti sed et odit voluptatum eum sit. Recusandae quae sit quidem sapiente.', 4, '2019-04-03 09:21:41', '2019-04-03 09:21:41'),
(234, 180, 'Santina McClure', 'Eum sed harum eum magnam quidem incidunt. Et corporis qui et dolor molestias praesentium atque. Cumque laboriosam rerum officia consequatur nesciunt labore veniam. Ipsum veniam enim beatae culpa fugiat consequatur soluta.', 5, '2019-04-03 09:21:41', '2019-04-03 09:21:41'),
(235, 77, 'Julien Wilderman', 'Est et blanditiis libero et. Aut sunt et sed architecto quia nobis tempora cumque. Velit saepe dolores omnis non voluptas. Ipsa est placeat aspernatur iste.', 5, '2019-04-03 09:21:41', '2019-04-03 09:21:41'),
(236, 11, 'Jovan Witting', 'Tenetur qui impedit et et. Consectetur quia libero incidunt distinctio. Voluptatibus enim rerum itaque pariatur.', 0, '2019-04-03 09:21:41', '2019-04-03 09:21:41'),
(237, 196, 'Jazmyne Willms', 'Iusto deserunt sit placeat quos illo modi. Accusantium sed est nostrum cupiditate blanditiis et ut perferendis.', 5, '2019-04-03 09:21:41', '2019-04-03 09:21:41'),
(238, 50, 'Dr. Mauricio Howell III', 'Possimus dolore consequuntur praesentium aliquam qui. Quo aut odit sed quia nihil rem. Et voluptatem doloribus recusandae et illo aliquid.', 3, '2019-04-03 09:21:42', '2019-04-03 09:21:42'),
(239, 40, 'Minnie Hauck', 'Eius aperiam sit consequatur totam sint rerum. Voluptatem laborum nesciunt dolorum blanditiis itaque debitis exercitationem. Ut itaque et iure nam modi aspernatur. Quis porro sit quo eos.', 4, '2019-04-03 09:21:42', '2019-04-03 09:21:42'),
(240, 143, 'Emelia Gleichner', 'Doloribus voluptatem ut dolores a quo id. Nihil soluta vel eum doloribus asperiores alias quia. Voluptatibus quasi aliquam magni est omnis. Non cum voluptatem odio porro quae qui vel suscipit.', 5, '2019-04-03 09:21:42', '2019-04-03 09:21:42'),
(241, 196, 'Lucienne Gaylord', 'Magni deleniti accusamus eum impedit non deleniti. Ducimus optio incidunt voluptatem quo ad.', 3, '2019-04-03 09:21:42', '2019-04-03 09:21:42'),
(242, 15, 'Joana Zieme I', 'Temporibus qui facilis voluptatem ipsam illo dolores. Provident pariatur repellat rem qui corrupti beatae vitae.', 1, '2019-04-03 09:21:42', '2019-04-03 09:21:42'),
(243, 153, 'Dr. Oleta Nolan DDS', 'Est eveniet ipsa temporibus soluta exercitationem distinctio. Repellat consequatur qui quasi sed placeat.', 0, '2019-04-03 09:21:42', '2019-04-03 09:21:42'),
(244, 26, 'Aurelio Konopelski DDS', 'Sequi quibusdam sed ex vitae dolores. Rerum reprehenderit qui ex nulla sequi.', 4, '2019-04-03 09:21:42', '2019-04-03 09:21:42'),
(245, 148, 'Prof. Braden Altenwerth', 'Voluptatibus eum reprehenderit fugit ab totam ut exercitationem. Blanditiis magni enim temporibus cupiditate nihil ea. Eos dignissimos quia cumque quidem. Sed quia voluptatem dolores ullam aut.', 5, '2019-04-03 09:21:42', '2019-04-03 09:21:42'),
(246, 128, 'Corene Kreiger DDS', 'Dolorum non omnis dolore. Voluptatibus provident veritatis dolores quia aut aut iste. Commodi dolorem dolores enim totam et natus voluptatibus et. Autem sunt reprehenderit vel modi dolor incidunt voluptas quibusdam.', 1, '2019-04-03 09:21:42', '2019-04-03 09:21:42'),
(247, 128, 'Walter Block Jr.', 'Libero aut esse ipsa sunt provident. Nobis est qui natus. Quis rerum assumenda sit nesciunt nam consequatur debitis dolores. Modi qui saepe porro ad. Assumenda excepturi consequuntur voluptatibus qui tenetur veritatis qui.', 1, '2019-04-03 09:21:42', '2019-04-03 09:21:42'),
(248, 3, 'Miss Nicole Thompson', 'Perspiciatis quidem molestiae perferendis vel. Labore dolorum ea accusamus accusamus autem quam incidunt. Sequi sunt minima ducimus. Eius esse ut laborum voluptatem et sunt voluptatem.', 0, '2019-04-03 09:21:42', '2019-04-03 09:21:42'),
(249, 110, 'Antoinette Dooley', 'Fuga et id et earum. Porro quis molestias voluptas. Et suscipit et iusto repellat rerum possimus vitae.', 3, '2019-04-03 09:21:42', '2019-04-03 09:21:42'),
(250, 15, 'Joseph Roberts', 'Possimus earum fuga quo ipsam qui. Velit aliquam perferendis labore quo. Ratione laborum quia ea deleniti. A hic accusantium et dignissimos non itaque.', 0, '2019-04-03 09:21:42', '2019-04-03 09:21:42'),
(251, 68, 'Juvenal Volkman', 'Ad velit ea molestiae est perspiciatis qui ipsam. Ducimus nihil voluptas nihil. Quisquam officiis optio ad.', 3, '2019-04-03 09:21:42', '2019-04-03 09:21:42'),
(252, 166, 'Mr. Vidal Rutherford', 'Non quo et iste sed. Enim rerum neque voluptatum molestias. Molestiae odit sint et et et sed necessitatibus veniam. Explicabo quis recusandae maxime itaque.', 2, '2019-04-03 09:21:42', '2019-04-03 09:21:42'),
(253, 18, 'Aglae Gerlach', 'Laudantium sint et quia et amet modi harum. Ex cumque hic quaerat odio. Quia veniam quis est sit minus ullam. Quisquam eum eum inventore veritatis voluptatem repellat dolor non. Aut minus voluptates minima facere voluptatem cupiditate neque officiis.', 5, '2019-04-03 09:21:42', '2019-04-03 09:21:42'),
(254, 9, 'Margot Pouros', 'Voluptatem impedit a nam nesciunt ab itaque at. Officia debitis aut officia laborum. Dolorum ipsam molestiae sint nobis qui.', 5, '2019-04-03 09:21:42', '2019-04-03 09:21:42'),
(255, 2, 'Leland Wolf', 'Aut rerum dicta perferendis quasi voluptatum autem. Quae ratione et hic est ut rerum. Porro non laboriosam totam reprehenderit ratione occaecati dolores. Unde qui quod sint fugiat.', 5, '2019-04-03 09:21:42', '2019-04-03 09:21:42'),
(256, 94, 'Prof. Khalil Doyle III', 'Aspernatur velit omnis aut. Suscipit doloribus eligendi quia repudiandae iure corporis. Sed ratione officiis consectetur animi dolor illo inventore beatae.', 4, '2019-04-03 09:21:42', '2019-04-03 09:21:42'),
(257, 143, 'Dr. Nyasia Kertzmann MD', 'Eligendi voluptatem fugiat laborum dicta repellat. Autem ut magnam mollitia distinctio consequatur. In est dolorem laborum placeat ipsam sint. Eveniet qui eligendi modi repellat et.', 5, '2019-04-03 09:21:42', '2019-04-03 09:21:42'),
(258, 153, 'Roscoe Funk PhD', 'Vitae sed odit non quo praesentium saepe velit. Magnam pariatur consequatur consequatur facilis quia. Provident dignissimos voluptates officiis nulla amet corrupti veniam. Sed omnis dolores repudiandae molestias ab dolorum exercitationem.', 3, '2019-04-03 09:21:42', '2019-04-03 09:21:42'),
(259, 17, 'Alaina Stiedemann', 'Est doloribus nobis sed soluta nihil asperiores inventore. Laudantium omnis corrupti reiciendis. Magnam ipsa est quod illum quis aut natus. Autem omnis consequatur voluptatem quidem quos error.', 2, '2019-04-03 09:21:42', '2019-04-03 09:21:42'),
(260, 158, 'Juanita Nader', 'In a consequatur facere minus minima architecto. Vel tenetur et commodi aut quisquam. Nostrum quasi sed quia nostrum numquam vel. A optio optio eum libero omnis.', 4, '2019-04-03 09:21:42', '2019-04-03 09:21:42'),
(261, 167, 'Prof. Alexandre Huels', 'Ex rerum voluptatem dolor. Id expedita ipsam eum. Officiis sed alias explicabo blanditiis ut et. Sunt earum numquam et nulla iure maiores.', 5, '2019-04-03 09:21:42', '2019-04-03 09:21:42'),
(262, 47, 'Jarrod McCullough', 'Ea iusto quia ipsa qui cupiditate dolore impedit. Aperiam eaque et error voluptatem. Ut rem ex quia vel cupiditate minima.', 4, '2019-04-03 09:21:43', '2019-04-03 09:21:43'),
(263, 155, 'Jane O\'Keefe', 'Sed amet eos voluptates quod. Accusantium at est distinctio minima. Quas totam nostrum est quo odio vitae modi.', 1, '2019-04-03 09:21:43', '2019-04-03 09:21:43'),
(264, 156, 'Martine Smitham', 'Fugit cumque voluptatem blanditiis id vel. Omnis neque nisi maxime et in ullam sunt. Deleniti quidem et unde unde.', 2, '2019-04-03 09:21:43', '2019-04-03 09:21:43'),
(265, 4, 'Dewayne Vandervort', 'Deleniti nulla officia sint vel molestiae. Et incidunt sint soluta. Nobis sint porro expedita velit quaerat aliquid.', 1, '2019-04-03 09:21:43', '2019-04-03 09:21:43'),
(266, 200, 'Gail Eichmann', 'Doloribus voluptatibus molestias ab dolores incidunt rerum. Debitis cum fugiat praesentium nam dolores. Minus velit in aut.', 3, '2019-04-03 09:21:43', '2019-04-03 09:21:43'),
(267, 5, 'Eduardo Hansen', 'Exercitationem et qui corrupti sunt et dolores. Officia non voluptas quis debitis et aperiam. Ducimus modi ut ut deserunt aut.', 3, '2019-04-03 09:21:43', '2019-04-03 09:21:43'),
(268, 126, 'Glenna Collins', 'Excepturi reiciendis cum laboriosam ipsum expedita alias. Qui ipsa non sit. Error ipsam optio sint quos blanditiis.', 3, '2019-04-03 09:21:43', '2019-04-03 09:21:43'),
(269, 87, 'Dawson Beahan', 'Dolorum velit iure et velit nostrum deserunt ipsum nostrum. Suscipit magni neque nulla quis qui incidunt. Cumque minus ipsam sapiente est. Dicta vel nihil nam id eius.', 1, '2019-04-03 09:21:43', '2019-04-03 09:21:43'),
(270, 88, 'Alek Ritchie', 'Eum blanditiis ratione labore voluptas sint sed aut. Ea est quos ea ad at ut. Placeat non facilis animi non. Qui occaecati molestiae in quo voluptas similique et.', 2, '2019-04-03 09:21:43', '2019-04-03 09:21:43'),
(271, 125, 'Mr. Dennis Lowe MD', 'Dignissimos beatae et quos laudantium et aliquid ipsa aliquid. Eum voluptates blanditiis nihil sint adipisci veritatis illo atque. Asperiores dolorem sit magnam consequatur et illo.', 2, '2019-04-03 09:21:43', '2019-04-03 09:21:43'),
(272, 22, 'Mr. Zane Nitzsche', 'Laboriosam veritatis et consequatur aut praesentium neque accusantium a. Pariatur repudiandae non corrupti iusto animi et. Cumque et vel est et sed.', 4, '2019-04-03 09:21:43', '2019-04-03 09:21:43'),
(273, 151, 'Miss Ofelia O\'Connell', 'Quia et magni praesentium accusamus totam. Quo minima at exercitationem quibusdam. Sint eveniet voluptatem aperiam quo perspiciatis rem magni. Ducimus modi autem veniam necessitatibus.', 0, '2019-04-03 09:21:43', '2019-04-03 09:21:43'),
(274, 85, 'Mrs. Daphney Will', 'Beatae enim similique voluptas sequi. Laborum et voluptates non et enim eos. Quia ex itaque aperiam vitae iusto sed.', 0, '2019-04-03 09:21:43', '2019-04-03 09:21:43'),
(275, 44, 'Imelda Bednar II', 'Explicabo sed aperiam enim at. Voluptate ipsum rerum aperiam laudantium dolores iste incidunt. Quos assumenda suscipit corrupti. Eligendi dolorum fugit architecto dolor enim.', 4, '2019-04-03 09:21:43', '2019-04-03 09:21:43'),
(276, 93, 'Ms. Neha Abshire', 'Pariatur voluptas est iste nam. Voluptate eaque est et asperiores occaecati. Nisi quaerat iure labore dolor laudantium aspernatur dignissimos. Eaque necessitatibus omnis possimus animi.', 2, '2019-04-03 09:21:43', '2019-04-03 09:21:43'),
(277, 93, 'Ms. Damaris Zulauf MD', 'Quisquam expedita nulla vel sunt reiciendis et recusandae. Ducimus quibusdam praesentium quisquam sint libero. Labore dolorum libero architecto.', 5, '2019-04-03 09:21:43', '2019-04-03 09:21:43'),
(278, 112, 'Erica Herman', 'Et ducimus consectetur ex sunt qui ut. Ab quas voluptatem quaerat quis eveniet exercitationem rerum consequatur. Hic et voluptatum repellendus itaque omnis vero sit perferendis.', 5, '2019-04-03 09:21:43', '2019-04-03 09:21:43'),
(279, 188, 'Prince Grant', 'Vitae voluptas soluta ut amet beatae. Qui qui quam assumenda atque illo quisquam beatae molestiae. Ipsa sed facere sapiente nemo ut. Iste eaque minus et eius quo dolores.', 0, '2019-04-03 09:21:43', '2019-04-03 09:21:43'),
(280, 159, 'Brain Langosh III', 'Voluptate et beatae aut odio aut consectetur. Id minus omnis ex architecto quaerat. Ut dolores veniam in.', 2, '2019-04-03 09:21:43', '2019-04-03 09:21:43'),
(281, 51, 'Dayana Jaskolski', 'Est itaque quia qui mollitia. Eos neque enim vel. Minima et numquam illum omnis delectus. Fuga quam voluptatem quibusdam dicta nulla nam laboriosam.', 3, '2019-04-03 09:21:43', '2019-04-03 09:21:43'),
(282, 34, 'Mable Ratke', 'Eius doloremque sit dolorem mollitia consequuntur. Corporis quibusdam enim molestiae possimus et. Iste animi reprehenderit aut laboriosam dolores eum.', 4, '2019-04-03 09:21:43', '2019-04-03 09:21:43'),
(283, 33, 'Dr. Eunice Dietrich', 'Rerum suscipit voluptates omnis quis. Quasi est architecto magni libero dicta. Vitae totam nihil ut eveniet nobis eligendi unde et. Enim magni non id quasi reprehenderit.', 3, '2019-04-03 09:21:43', '2019-04-03 09:21:43'),
(284, 58, 'Brenden Lind', 'Corporis ab sit incidunt enim. Pariatur est voluptas harum et consequatur reiciendis. Voluptatem vitae aliquam nostrum provident numquam molestiae voluptatem. Nulla voluptates eos voluptatibus.', 1, '2019-04-03 09:21:43', '2019-04-03 09:21:43'),
(285, 76, 'Maye Kling', 'Exercitationem rerum ipsam recusandae odit beatae ipsam. Voluptatem odio ipsa deserunt et sed id ex. Aut consectetur reprehenderit architecto molestias non.', 4, '2019-04-03 09:21:43', '2019-04-03 09:21:43'),
(286, 152, 'Prof. Ryder Koch II', 'Voluptatibus qui nihil aut odio sit sit. Ab asperiores aut consequatur voluptatem. Quos vitae dignissimos laboriosam quidem. Et sint voluptatibus velit nemo aliquid.', 2, '2019-04-03 09:21:44', '2019-04-03 09:21:44'),
(287, 130, 'Joana Rohan', 'Nihil minima totam eos odio totam ipsum. Expedita est earum quis modi. Ipsum aut voluptatem ut molestiae. Excepturi consequatur quia amet.', 3, '2019-04-03 09:21:44', '2019-04-03 09:21:44'),
(288, 145, 'Susan Olson Sr.', 'Ut asperiores harum sunt est. Aut ut harum tempora ea quidem. Inventore exercitationem et voluptatem. Hic repellat voluptas facilis odit.', 2, '2019-04-03 09:21:44', '2019-04-03 09:21:44'),
(289, 44, 'Ona Spencer', 'Voluptates pariatur voluptatem ipsum ducimus. Provident architecto ducimus molestiae temporibus explicabo dolorum. Qui hic pariatur aut quo.', 2, '2019-04-03 09:21:44', '2019-04-03 09:21:44'),
(290, 65, 'Helena Schroeder DVM', 'Modi beatae rerum voluptatem id fugit culpa et. Doloribus temporibus quod dolor. Repellat perferendis nam soluta blanditiis incidunt corporis in. Provident eaque minus quis molestiae sit voluptatem et.', 0, '2019-04-03 09:21:44', '2019-04-03 09:21:44'),
(291, 77, 'Prof. Nasir Maggio', 'Nostrum iusto rerum aperiam quia. Rerum minus sint architecto at aspernatur harum voluptatum. Accusantium quo eaque voluptatem qui rerum eaque fugiat nulla. Fugiat voluptatum ullam et quas et consequatur.', 0, '2019-04-03 09:21:44', '2019-04-03 09:21:44'),
(292, 7, 'Rachelle Koch IV', 'Eum laboriosam commodi exercitationem est rerum aspernatur deserunt. Aperiam ipsa repellat ut provident. Et pariatur repudiandae praesentium iusto laboriosam.', 1, '2019-04-03 09:21:44', '2019-04-03 09:21:44'),
(293, 5, 'Hudson Senger', 'Et amet cum sunt ipsum dolor consectetur molestiae. Aut totam vero atque.', 4, '2019-04-03 09:21:44', '2019-04-03 09:21:44'),
(294, 194, 'Rupert Jast', 'Dolorum qui fuga ut at fugit nihil. Sed eum illum praesentium nemo. Hic vero quia eaque modi neque. Quia dolores facilis sapiente.', 0, '2019-04-03 09:21:44', '2019-04-03 09:21:44'),
(295, 167, 'Georgiana Greenfelder', 'Qui qui dolores illum id et est eaque. Quod sed sed nemo. Magni rem eum ut dolorum. Qui unde occaecati minima voluptate repellat omnis at.', 0, '2019-04-03 09:21:44', '2019-04-03 09:21:44'),
(296, 132, 'Ms. Felicity Olson DDS', 'Eaque qui unde placeat quis autem. Placeat possimus et placeat eos. Aut nihil voluptatem quas dignissimos et. A velit odio reiciendis quaerat amet. Omnis et et assumenda consequuntur incidunt magnam rerum.', 0, '2019-04-03 09:21:44', '2019-04-03 09:21:44'),
(297, 84, 'Vladimir Rippin DDS', 'Repellat ipsa quis est optio. Dolorem et facilis iure rem. Aliquam quas dolorem voluptatem aut id. Iusto inventore doloremque omnis in perspiciatis ipsum quia excepturi.', 4, '2019-04-03 09:21:44', '2019-04-03 09:21:44'),
(298, 72, 'Jaycee Jerde', 'At explicabo et nobis voluptate. Ea in id fugiat vitae. Temporibus veniam ut quas sit quas.', 3, '2019-04-03 09:21:44', '2019-04-03 09:21:44'),
(299, 138, 'Sidney Reynolds', 'Ea rerum quaerat nemo sint. Et a necessitatibus voluptate alias numquam. Deserunt dolorem facilis dolorem unde aperiam vel consequatur. Quos eum labore dolor odit sed.', 1, '2019-04-03 09:21:44', '2019-04-03 09:21:44'),
(300, 171, 'Davion Wunsch', 'Labore odio ut hic qui id ut ut. Animi quia itaque sed quis dolores aut iste quibusdam. Sed eius libero rem.', 4, '2019-04-03 09:21:44', '2019-04-03 09:21:44');

-- --------------------------------------------------------

--
-- Table structure for table `users`
--

CREATE TABLE `users` (
  `id` int(10) UNSIGNED NOT NULL,
  `name` varchar(255) COLLATE utf8mb4_unicode_ci NOT NULL,
  `email` varchar(20) COLLATE utf8mb4_unicode_ci NOT NULL,
  `password` varchar(255) COLLATE utf8mb4_unicode_ci NOT NULL,
  `remember_token` varchar(100) COLLATE utf8mb4_unicode_ci DEFAULT NULL,
  `created_at` timestamp NULL DEFAULT NULL,
  `updated_at` timestamp NULL DEFAULT NULL
) ENGINE=InnoDB DEFAULT CHARSET=utf8mb4 COLLATE=utf8mb4_unicode_ci;

--
-- Indexes for dumped tables
--

--
-- Indexes for table `migrations`
--
ALTER TABLE `migrations`
  ADD PRIMARY KEY (`id`);

--
-- Indexes for table `products`
--
ALTER TABLE `products`
  ADD PRIMARY KEY (`id`);

--
-- Indexes for table `reviews`
--
ALTER TABLE `reviews`
  ADD PRIMARY KEY (`id`);

--
-- Indexes for table `users`
--
ALTER TABLE `users`
  ADD PRIMARY KEY (`id`),
  ADD UNIQUE KEY `users_email_unique` (`email`);

--
-- AUTO_INCREMENT for dumped tables
--

--
-- AUTO_INCREMENT for table `migrations`
--
ALTER TABLE `migrations`
  MODIFY `id` int(10) UNSIGNED NOT NULL AUTO_INCREMENT, AUTO_INCREMENT=4;

--
-- AUTO_INCREMENT for table `products`
--
ALTER TABLE `products`
  MODIFY `id` int(10) UNSIGNED NOT NULL AUTO_INCREMENT, AUTO_INCREMENT=201;

--
-- AUTO_INCREMENT for table `reviews`
--
ALTER TABLE `reviews`
  MODIFY `id` int(11) UNSIGNED NOT NULL AUTO_INCREMENT, AUTO_INCREMENT=301;

--
-- AUTO_INCREMENT for table `users`
--
ALTER TABLE `users`
  MODIFY `id` int(10) UNSIGNED NOT NULL AUTO_INCREMENT;
COMMIT;

/*!40101 SET CHARACTER_SET_CLIENT=@OLD_CHARACTER_SET_CLIENT */;
/*!40101 SET CHARACTER_SET_RESULTS=@OLD_CHARACTER_SET_RESULTS */;
/*!40101 SET COLLATION_CONNECTION=@OLD_COLLATION_CONNECTION */;
